type	bytes	sha256	path
file	269	8148209344c2b9088002809f7eb5129b024daa836f4d186f114f2100f13bdce4	.JuliaFormatter.toml
file	822	ccf20d7c8c3f7772958a20cc8b4884d7272392f583ebbcedc34ad8194b18b480	.github/ISSUE_TEMPLATE/bug_report.yml
file	1264	b9971dd8a0cf145d7bebb1aaaa9cb207822a2e1c6d81c8ca851301a5fbf1ab65	.github/actions/publication-environment/action.yml
file	594	3a2a6cfcf1b7629e5236246272cc07e6e37f0a1f0bdd36d4b3cba24297589396	.github/pull_request_template.md
file	3174	c4ed53778aebd931ff593d577b50eac9d0fb2bec8b15c5002df0e69323c0ddc6	.github/workflows/ci.yml
file	1005	9e953dd3a508efb4f1b2e5c0c90242ee42263d2f99e5216908b0211e64b31b74	.github/workflows/tag-release-gate.yml
file	144	cffed62f741334babe99ae3ec90ca49512186a5b9ba4e3ef100dcbd2321334b3	.gitignore
file	3569	9e11f85857a00d2a5176ab382f45e73075fc019ce747e6ffd620a5ea960e7613	AGENTS.md
file	2704	410db82a128f65513e8833a5a4ebad2e8dc2bb102e07c87df26d3d5bbe3a94ca	API_BREAKING_CHANGES.md
file	2167	74e2673397c7ed9b99cb95571d8e3f44a612e476b838ba43c904d403367d8e12	CHANGELOG.md
file	584	c70c610ec881eb3e52c943b4ca90f3a5c30e05df7d825e72cdc93d78f0b34d64	CITATION.cff
file	849	2c157d4387b9f43878decadea986cd2c7043ba1f11b609f070e11201bbbaf01c	CODE_OF_CONDUCT.md
file	854	44a3fe7adead64cd19811d9ba1493dbc8574415d97213f258c3578d06042d890	CONTRIBUTING.md
file	17337	aaf135472f81c5b4a0dca9367e5bb5e9750032b5bebe5442b36e4c0a47430df3	LICENSE
file	15925	0a94e9d687a66a8b67ee3cd0b7641215eacc5d00ead40356618fb9294ef2fba7	Manifest.toml
file	1062	989fb2b2e498da501bfce799190349daef9ea6a4347c2662cb1822c880bfe417	Project.toml
file	7010	c6d6326e8645c2f57b1bec00ffee5741899c78ba3833802ec778ae1f8e6097e9	README.md
file	560	f09e9af9453fb95bb31af4238f37d6ba6f09240c762f2e6cb6671a4ac062d771	SECURITY.md
file	6173	0126f87707492d0631b90b6abdb38e1fa628e469b1e3bacb92750ca58ace72f3	THIRD_PARTY_NOTICE.md
file	34916	18e96679d35916e68f226bc81144934fcb2220760aeca6ea27649284e445a052	USER_GUIDE.md
file	4214	321fad3a58ba9ad214fd6e645f79c1b5331b67d05cf55be91c4d89b7fd9a533b	catalog-generation-receipt.json
file	52486	7ef24c2e9ada79c333743727ee91d460fe75c289164fb0681c124085ab0f1e4c	docs/ARCHITECTURE.md
file	8862	a29dbef9d7847e867d2d9dd9156cfcc65056b1bfdfeb590ebfadc28858fabd20	docs/ARCHITECTURE_IMPLEMENTATION_INVENTORY.md
file	6396	080145c65b35aa6fb71dfee02753812fea8200429ec9d6f779441481684bc58f	docs/BAND_STRUCTURE.md
file	6791	bd860d37ab47c4dd95b8e7732e5cb04ae0e80ac5cd2d1ed641cb0e9bda1b4b9a	docs/DEVELOPMENT.md
file	6837	01bd5b3882d0cf965c8000563208206c238a723288bc1591d9874af9eead62a4	docs/MAGNETIC_POINT_GROUP_CONVENTION.md
file	3923	26c39ffe7ea60b84bdb67cbb9d73e3035879c5f297a2bb1c5cb31533837df75f	docs/MIGRATION_1.0.0.md
file	4350	a8bf3687bbc09cfcbf35e4915f5c577e938781b96b8807124713dc495b37dde9	docs/PAW_BAND_FRAME_TRANSFORM.md
file	3907	9f669f5325bc1124800063733fb336a4a59321356cfbab0770f87d2c8a5da9bb	docs/PROJECTION_REPRESENTATION_SEARCHER.md
file	1572	0150eb41301f266ec402b66e85fd353eb8f0abd9264e37c3fdaf553105a37f5e	docs/README.md
file	5210	6d3186c66e94dad2422168f45f7a0b7ab92903009150d59257ef986ff3e64d24	docs/RELEASE_NOTES.md
file	2801	2587734dd7c720ad374eb7c931e3404b787c1ebed8d9a6f8f5a553eeedc54ff8	docs/RELEASING.md
file	16984	c983846fca9d937f96cf54256fc05006cea0f29cd508c8d394fd80f677ffea7f	docs/RESPONSE_KMESH_SYMMETRY.md
file	7970	99e4fcb04d56d6c078a49d2f1b4b6bcd24d6f3c16cbea94278147cce5cca514b	docs/STORAGE_SCHEMAS.md
file	17293	dae3372ca0d9ff5c5308748a334f02deaccef45e258d2baf6ccb4912f352569d	docs/SYMMETRIZATION.md
file	11820	890a901ba234dcf1362f0cda1c6b9baf3644985c195becc116b7472a99e490b2	docs/VISUALIZATION.md
file	89656	9523cbc2b65cf95974a22e6154ce27095704282eac02f908714b48c31dc3a450	docs/WANNIERIZATION.md
file	7612	f05ce43efdecbf70a99223faaf962c3bf91a928561e247822152c800076ea644	docs/WANNIERIZATION_CONFIG_MIGRATION.md
file	2200	d1678fea18e5aa02e5e90432f9817b927b3b8b25618cbf0402e2bdf8e154d106	examples/ExampleSupport.jl
file	2894	da353a5bda3e53728733094b2b3a1350f7af6e33711c4f52aff50a01aa289990	examples/bundles/shift_current_broadenings.jl
file	838	19cacb09de665a2d531558d9f8ce943787338eadb63fa4940f158002fcaa34c9	examples/fixtures/synthetic_runtime/README.md
file	258	ca2a1d1611fa38a5e05677978cfb51456af7bbfe1c0c78241011c9296c1993bc	examples/fixtures/synthetic_runtime/SHA256SUMS
file	8090	b8dad9bd720af220bbe7d18b98a7422550e61dce69c94dca7c03d9160156b296	examples/fixtures/synthetic_runtime/generate_fixture.jl
file	167091	f5169d37cc66095986d5a361db31090ac073077fb313809b6706b1a1b57f4521	examples/fixtures/synthetic_runtime/synthetic_operators.h5
file	3967	d30372289009cc8236511f3cd414c103ea737cac925bcbc0e39634894c81e34b	examples/fixtures/synthetic_runtime/synthetic_tb.dat
file	1837	66c706bb33140ec56594c90b85e2c4640104e076ee2495df2f535280115b89ef	examples/fixtures/synthetic_runtime/synthetic_wsvec.dat
file	1034	d11881e9c03ddc30fda793d74a20dc57d85771a32063125a4675611b913a5593	examples/symmetrization/SymmetrizationExampleSupport.jl
file	997	a7ead63dfa8953b56e613b92736d1aa645d1c15b73c26f57dce84dd6d01c3314	examples/symmetrization/fixture/README.md
file	525	f3de6403d225f27e808b58140fbbe7e919790203275b07732ee015b9a14eb436	examples/symmetrization/fixture/SHA256SUMS
file	4180	8408140d74d55ec4b4634ea43ca04d1a2d2e25115f5e7ecf3fb32b235dfc85cd	examples/symmetrization/fixture/generate_fixture.jl
file	544	b58ab5265a87e07ff44dfab9e259c26ffb8f69e3500803db01d3aacf3e3a18b1	examples/symmetrization/fixture/inputs/synthetic.chk
file	8	979578ed6b08778b1c48b7cec3b959a7dc9d06153ff61a028c32f954f2ddfc1a	examples/symmetrization/fixture/inputs/synthetic.eig
file	158	db744f56474cb833cb47f34c89777af00f0004b4d9c49295192e1e88bf0a0c89	examples/symmetrization/fixture/inputs/synthetic.mmn
file	120	cdffe1b82cda021837226b65dec2d5f17566890cbfe301da467a3e8b8504d574	examples/symmetrization/fixture/inputs/synthetic.spn
file	226	ec61fc9f657a4477ea27e41362cac23a607fb7aca99e536ef69a190ff45e29df	examples/symmetrization/fixture/inputs/synthetic.win
file	484	3aa398044263c2f3fa94b05ec60f3652349de275981e0d5f57273726fa36b5a6	examples/symmetrization/fixture/inputs/synthetic_tb.dat
file	598	35f89e09de65b3afdc4a494a85612347903d2ed4aff356d9e48a470dd4de5192	examples/symmetrization/mesh.jl
file	491	1f1f4e6d15c353c7984da626463944d6104187929454affce73ca037516253a8	examples/symmetrization/run_all.jl
file	1357	610e6163bdd88a144b36f89ad4a3e70e33288732731542ecdc31ccf99d0aac95	examples/symmetrization/symmetrize_combined.jl
file	1166	c33188249896ed5dabf55dbd8191c3bc75bae882b08393597997bf166c215872	examples/symmetrization/symmetrize_derivatives.jl
file	915	74ca7252654feea89879fb347ca7b0faeea8b3d95ebb71aca23d21e12bc09f54	examples/symmetrization/symmetrize_spin_only.jl
file	1263	004e4e05de8e8dd1160b4399fa6afe5e9f9536e3141461e2efbe7166bfe326c8	examples/symmetrization/symmetrize_spin_velocity.jl
file	959	9b9dde15b1cc3b0d46e55c7f098bc54a30a3259c167207c4f7f02c8738dce40f	examples/symmetrization/symmetrize_tb.jl
file	1842	3314357dfa0448316147e02a812f5b1689510e0fc362c47132175ea6cb71de05	examples/tasks/band/band_structure.jl
file	2289	0b985edab0ca9a9b0a5c283649fbb630283ccaf795da26d06da62b232edb7140	examples/tasks/integral/injection_current_conventional.jl
file	2350	20eed23ec9c9fc0bd5f15f47d51ecdecd5df6d505d21ae5f1c7f0e652b14bb11	examples/tasks/integral/injection_spin_current_conventional.jl
file	2469	900e44e0a00f81fcf5cb2d6d76178765054a19accc67502b444b5983bd393c56	examples/tasks/integral/photon_drag_injection_current_conventional.jl
file	2520	9ba56c53df52303aa937cc90eef64a4f949ca303739c7dec93ec904f0ba61641	examples/tasks/integral/photon_drag_shift_current_geometric_loop.jl
file	2281	7c2eedb429f1fce6d7b647d670ff2a6ba44115dca143a7150af4eb675f119eb6	examples/tasks/integral/shift_current_conventional.jl
file	2390	cab3d11bb37cad32049214542817d5055f6266712c29687da7fb3c346d8f0ba7	examples/tasks/integral/shift_current_geometric_loop.jl
file	2375	f5234f722f4108501ce7e0fa698dc25f54e0ea3d735b20767ab31956390da0e5	examples/tasks/integral/shift_current_projector.jl
file	2381	8b2c64fda3b5e23c4719286659e19578d1a70592f70b4f99fd4740574791d93c	examples/tasks/integral/shift_current_wilson_loop.jl
file	2342	d7aa55e279ee11de73e997b4a0dc65621909f0ac355e110461973509fac40784	examples/tasks/integral/shift_spin_current_conventional.jl
file	2162	a38fa32011437ea95014969ebaf2172e5ef2bb77d572e617090ebdb453ff6b86	examples/tasks/kslice/berry_curvature_conventional.jl
file	2272	f476b39b35a775ee5c30d741359690e523e35d19bb56bbc2e32027c5c8a1c095	examples/tasks/kslice/berry_curvature_dipole_conventional.jl
file	2283	a2ee04dc50ca87830ff9b3e42037839aac812935a1cb5d2c051ca5b2ca9a6bd3	examples/tasks/kslice/berry_curvature_quadrupole_conventional.jl
file	2223	850c9c3d9e9e43684d0c867164b33174079b999be895abc42c3932a02d57a4b0	examples/tasks/kslice/hermitian_curvature_tensor_conventional.jl
file	2572	d60aee686240ce26750ad2029977a692c4ec0c9099acac051e780080d6d91965	examples/tasks/kslice/injection_current_conventional.jl
file	2636	3fe4ff411d3f968b603becbb26ff40f9a30b4e317980a4518cd7913f7d39e984	examples/tasks/kslice/injection_spin_current_conventional.jl
file	2215	b41c55ca253642fda270fa377258a29322eeca140427e6f38838ffc0b9edc88d	examples/tasks/kslice/interband_berry_curvature_conventional.jl
file	2213	047c1266aa677e94110577b931bbf62ff9f94f337e04773b4749c7191b218962	examples/tasks/kslice/interband_quantum_metric_conventional.jl
file	2752	5484b6f834cbb1661f595378929e120b44c7199686cda41b9923453921e90de1	examples/tasks/kslice/photon_drag_injection_current_conventional.jl
file	2803	93c91d8b17bf778da7d38006cface9a18f16efa8b5b466a166657df2a0a009fa	examples/tasks/kslice/photon_drag_shift_current_geometric_loop.jl
file	2280	2b31f4d9e7c54f06893306ca4bbbc92a4099470be930b4f9e200f9eed5208b22	examples/tasks/kslice/quantum_christoffel_symbol_conventional.jl
file	2225	3f78cd364e0ebd79adb6789f7bab7563fe6b17367e01b44d3a24a608331c3e68	examples/tasks/kslice/quantum_hermitian_connection_conventional.jl
file	2373	c0294cacc802da34470154113eb41d744d17ada4d640d3bdd8523ed003f09bcc	examples/tasks/kslice/quantum_hermitian_connection_geometric_loop.jl
file	2358	5a81e529778df9d2cc8feb858e314e8dd824ee0687975f2afccba5c99040fb5d	examples/tasks/kslice/quantum_hermitian_connection_projector.jl
file	2364	f6d8158a9f7499c54af37503b5b7e9fe4224102d59facce41168e6070fe4f115	examples/tasks/kslice/quantum_hermitian_connection_wilson_loop.jl
file	2160	61e2b35c28db9afdb2485c7b074e5b0634726279b35d3f1b739e459deae62a89	examples/tasks/kslice/quantum_metric_conventional.jl
file	2270	efa01ecc55547590e1d7e6b5c70bb72e1f2c813a6f8b39fa4551f88596a42f19	examples/tasks/kslice/quantum_metric_dipole_conventional.jl
file	2281	c2cf09b761c8f61f36eb37cbd8626271e304214336b8a0d3640cc687b7473040	examples/tasks/kslice/quantum_metric_quadrupole_conventional.jl
file	2564	04c87df2a710748dae6245f8c8b54df7e605a077598429e65141d027a00ac257	examples/tasks/kslice/shift_current_conventional.jl
file	2673	d2d0db39421c9239fba93d912da107cb9d56944dd0bc852ec1a24e3ac4f7c839	examples/tasks/kslice/shift_current_geometric_loop.jl
file	2658	e486f298d66942234179600151ac4d48edc3e537b3b364e913aa70c39078004f	examples/tasks/kslice/shift_current_projector.jl
file	2664	199f971a668ce9caa6dedb8b7aa9226a26e3a943189e99d9566b821249ed4a68	examples/tasks/kslice/shift_current_wilson_loop.jl
file	2628	0976acb55359380e722256c514926c21a634a1a5ba406d31f5121bc239780d3e	examples/tasks/kslice/shift_spin_current_conventional.jl
file	2340	150250ba07e217cee97223698e0fae8a56bcdf1794017d6b1377473d0c75a76a	examples/tasks/kslice/shift_vector_geometric_loop.jl
file	2331	49defac67e25e5b569d6e0c53c0a6aac121e013a17916bff6168685b20399223	examples/tasks/kslice/shift_vector_wilson_loop.jl
file	2215	c97a36fbcc3ee4592e2b3bacad4f84aed47b3fa3c661cf7c49a5bb22e4c08662	examples/tasks/kslice/triple_phase_product_conventional.jl
file	2319	f287c3ea9b2199bd25a742f677c0fcc29c9f19583abe93e7bd49e0151125b2ac	examples/tasks/kslice/zeeman_interband_berry_curvature_conventional.jl
file	2317	43d00664706994b71805790375c5efef2a3504c70065f536742f363bc9d88ff3	examples/tasks/kslice/zeeman_interband_quantum_metric_conventional.jl
file	1980	180c1f27df0d0782e5dcca2a5348f5fb71203ee693d40e5ed81c3173ca421b12	examples/templates/wannierization/generate_uiu_qe.jl
file	1769	0886b70b2ec3aa3c8e4880fe439a33d5e13a2c8e15d2df134fcdb3929b30c0b1	examples/templates/wannierization/generate_uiu_vasp.jl
file	1538	50aa96f3dd96ed264c5735d75e28167e41df71b6fddbb12d1d219430536eaade	examples/templates/wannierization/prepare_exact_operator_bundle.jl
file	157588	383d528f73106e902b9d221e2f3a49ced9f8d2f69d4061058aa6a5582050221a	ext/WannierNLQGOperatorBundleExt/WannierNLQGOperatorBundleExt.jl
file	14127	5c5063b268451cc2e445c03c2d5bea73d0ffcfed65abbb63dbd9b8068372ee65	ext/WannierNLQGSymmetrizationExt/MagneticMomentReaders.jl
file	45728	cf5a25b0b4126bc18bbe9fd03fa7124dd025e6c01ced66accb00d7eff2aaa65e	ext/WannierNLQGSymmetrizationExt/ResponseSymmetryArtifactWriter.jl
file	37133	4e2afd8956324b796b119d0f77499948a4dc82d89d27d8c6573841a8957fb25c	ext/WannierNLQGSymmetrizationExt/ResponseSymmetryQualification.jl
file	10060	6d45776c7e208fe3faee0fbb94f873af0bc576c6605d6c0c2e6f6cc8f4f348de	ext/WannierNLQGSymmetrizationExt/WannierCenterGeometry.jl
file	4085	2c8e49aa6654e4a4529fc6b8b16305923e9356853d8bf4baf1e546cff62d3232	ext/WannierNLQGSymmetrizationExt/WannierMeshScreening.jl
file	4206	66ea8182ff5434b2b6ba769c3d44743225cbfd55885d07f1bed9c00403ed98db	ext/WannierNLQGSymmetrizationExt/WannierNLQGSymmetrizationExt.jl
file	222	c097ba859a8719b36db3837c7b4712fb3be1a4d51ef0f1e9c288cf40661b1b57	ext/WannierNLQGSymmetrizationExt/components/PersistenceComponent.jl
file	250	dda9b0910aafbd3997e7d5890ae3c81e45a29117b22e059ee4be8ba5f2d9d508	ext/WannierNLQGSymmetrizationExt/components/ProjectionComponent.jl
file	113	feb692e97eb1d942f4b4e74cd79e7b6b9931c4b1ae7ac0365d5997fecf6bbb9c	ext/WannierNLQGSymmetrizationExt/components/SewingComponent.jl
file	258	ff38f28a2652d95002f4f8881dce6d74e1a284b0754b22e7f1d280efd69a8582	ext/WannierNLQGSymmetrizationExt/components/ValidationComponent.jl
file	158	ae547ef50ff6ecb2a28cdf9282efa003f3cc47b33dd197f74b352e8490ef672e	ext/WannierNLQGSymmetrizationExt/components/WorkflowComponent.jl
file	16038	145a03d8117f00b0e451639a0350f42610f434a397983d89f6008c01665a2a7f	ext/WannierNLQGSymmetrizationExt/components/persistence/GaugeAwarePersistence.jl
file	8834	16886b6e410c91b67516915b34634ce4b50390d281184391e5307120130baa90	ext/WannierNLQGSymmetrizationExt/components/persistence/OperatorPersistence.jl
file	14462	9c4cda7c09c95372e09ff6923f38782c804c93c948f4ce1b3a9eca098d958388	ext/WannierNLQGSymmetrizationExt/components/projection/GaugeAwareProjection.jl
file	17884	8256392a4d07e2a0bb9683b82f5f6c19415599820c3722b8c4ff2bb6a065b6a8	ext/WannierNLQGSymmetrizationExt/components/projection/OperatorProjection.jl
file	10852	027ddb6643a33f585baa70d6dd9a54be694e4e34c8a56d75e896e6fe71564889	ext/WannierNLQGSymmetrizationExt/components/sewing/GaugeAwareSewing.jl
file	6164	24fda25c61130dd897dd62b7f018eb3994222af235697801509c68b58d66bf6d	ext/WannierNLQGSymmetrizationExt/components/validation/GaugeAwareValidation.jl
file	16971	11d17804604a6b7f5f0ad7ea8d951f56e36409baf6075fa7a1e9cd8c3651a2ee	ext/WannierNLQGSymmetrizationExt/components/validation/OperatorWorkflowValidation.jl
file	30966	2601eef1605051b796592147bb2348141cda398fc2d014bc0213c9b5c4a8c1c1	ext/WannierNLQGSymmetrizationExt/components/workflow/GaugeAwareWorkflow.jl
file	11164	41ce7b381c00217ca0a6cf55198a4e9fc4ac3abf9973fb5e26596a135cdf2c06	ext/WannierNLQGSymmetrizationExt/components/workflow/OperatorWorkflow.jl
file	87084	57c2eb1b4057382a4a10ffe81820f784a7a670116eee1a0bd8ecacf633413176	ext/WannierNLQGSymmetryFoundationExt/BandRepresentationPersistence.jl
file	23611	f8d99d263f12809ab058003ffefe10094ab970a2badf8d08e4d60c49ffa5cb9c	ext/WannierNLQGSymmetryFoundationExt/ResponseSymmetryGroupClassification.jl
file	7994	a7ecff10f79f0582714b8972a5f30d75b9f26e796d7a175e900ccd2c5ce3d912	ext/WannierNLQGSymmetryFoundationExt/SymmetryOperationDetection.jl
file	6908	cd3fdbee35bb5679d1a8d561ee32cb25dfe0ada48a19ca901c0823eb3fb5a99a	ext/WannierNLQGSymmetryFoundationExt/TBSymmetryDetectionCompatibility.jl
file	802	0bcee45973376263d90b5b419da3957e44f16bc520e0bb466d94c8a955d6feff	ext/WannierNLQGSymmetryFoundationExt/VASPBandRepresentationBuilder.jl
file	1520	af41279199e84f6f5a679a5ef724f8477e96d83c7c4b2d28ea4747a912323c7d	ext/WannierNLQGSymmetryFoundationExt/WannierNLQGSymmetryFoundationExt.jl
file	37079	32b6d4097ac09b5ac1b77563d4c4be777a39155d8de815e457fe945b00f7fc0d	ext/WannierNLQGWannierizationExt/AntiunitaryCompatibility.jl
file	100029	78f4be7628d3c96909350cd624ef0d3cec058dfd13bf3ae4acd3f4b2108fa11d	ext/WannierNLQGWannierizationExt/AugmentationAwareBandSewing.jl
file	15470	bb71ba8ecd241a9316c457a511f872056a81e25b84111d15fdeda1c400a174e3	ext/WannierNLQGWannierizationExt/AuthoritativeBandHamiltonian.jl
file	11388	6c8f6b47a16bc6f83fb3cec5c4f6cebde6fb6ed1bab113dbd726c96c13e5825a	ext/WannierNLQGWannierizationExt/BandRepresentationBuilder.jl
file	7833	2277a46594c190da5f73286a98ba1a6c50cb09dad8bdd315a769cbff46cfaa1a	ext/WannierNLQGWannierizationExt/ConstraintOperationScopes.jl
file	4118	2a89f0f3cd6b3e86b9699461203b1e03ff192e1e7f528891c229a58e178671d1	ext/WannierNLQGWannierizationExt/ExactWannierDerivativeOperators.jl
file	13400	0b63a74068d180f9ae65a1f1287b8ceaeca174d853cbf6063bab6bb5fe134683	ext/WannierNLQGWannierizationExt/ExactWannierOperatorBundle.jl
file	28125	ff0d85f72fbd491517ef8f8b1df30eba5682819cd76941f5252ec486440aaab8	ext/WannierNLQGWannierizationExt/GaugeProvenanceContracts.jl
file	704	9b48f2d5e69b5c80ad2b4e4b523969f1e0ea2b5bc4efefdbcf2be0bf14eb7047	ext/WannierNLQGWannierizationExt/NativeSourceDispatch.jl
file	86291	9961f339bd43f26d917fb40bd5e23192cff31f7d62e5077a7e97063a453ae08c	ext/WannierNLQGWannierizationExt/OperatorProfileAssembly.jl
file	45152	89b40027c101c0749cd93dbdf0550a1d5c2fca808edfc8cb32d624ff76d38924	ext/WannierNLQGWannierizationExt/PAWBlockPartitionAudit.jl
file	22097	e6e91e29231b40b6e2dcf497e5c4b2650d9cf1dbfa87fa55d1738fe91a166469	ext/WannierNLQGWannierizationExt/PAWSCDMInitialization.jl
file	12286	ca0b65d0611a563f704828bd99c944274de88bd48c5ab7e98486c6844961f42e	ext/WannierNLQGWannierizationExt/ProjectionRepresentationCompatibility.jl
file	19482	51600a4fa912c0b864a51319dffd767a7c1f7ece9fc5a987edb41d6c7a221df2	ext/WannierNLQGWannierizationExt/ProjectionRepresentationCorepresentations.jl
file	20747	649c55d76c5d9eb021e02d4505c776af465be1392e47fa5c45630bbd13d747c4	ext/WannierNLQGWannierizationExt/ProjectionRepresentationGroupAlgebra.jl
file	9322	f1890aa6873871db52a3c0609a6a9b90aa55b49b5de8af8743d6ba53a47b6159	ext/WannierNLQGWannierizationExt/ProjectionRepresentationIntertwiners.jl
file	7197	e63432ed55731290e099ac8cbe0217e6aa1b6fe7971ddc76353ca81b7aa1e173	ext/WannierNLQGWannierizationExt/ProjectionRepresentationMaterialization.jl
file	34922	f76255f21191c69b3f9bc77d33743959fccc08cf32027eaf4689f95c4ec2eb27	ext/WannierNLQGWannierizationExt/ProjectionRepresentationSearch.jl
file	30551	2ada9bf27944c9615de65c73a558dabe11724cf566d02f0fa7cb24352df5e436	ext/WannierNLQGWannierizationExt/ProjectionRepresentationSearchHDF5.jl
file	58573	3349a81cd94be05254d0d819c90fb5b65f428b68656f0fe77a0f2a8610ac8a06	ext/WannierNLQGWannierizationExt/QEPAWMatrixElements.jl
file	9105	86af1d3b01d583fe46ee44c552fa5094bd83cb38eb088476327164ed0b4d8bb0	ext/WannierNLQGWannierizationExt/QEPAWSpinMatrixElements.jl
file	18736	c7a65e383c8c96dcacfc3f80fda7aa8049181d20f8689515a5d07ffcdfb49432	ext/WannierNLQGWannierizationExt/QEUPFData.jl
file	29966	e09877fcde3620f76bd540a92b3648dcfbb2ebfe17a1472ea209920d1b180f9e	ext/WannierNLQGWannierizationExt/QuantumEspressoWavefunctions.jl
file	2834	3543d4758a8c420cb4d131ce38521de7205dd592109c8ad316128e463544a4cb	ext/WannierNLQGWannierizationExt/RepresentationDiagnostics.jl
file	27171	1283ca9e2914a1da476fdce2662b1df9f59069d7dc0276d0a19586feba2a0d47	ext/WannierNLQGWannierizationExt/RepresentationGroupLaw.jl
file	6615	d50436a0e413e0b2a5ef6ebb5978e32c1e78f366be424fed4e61f3c41ec63a3f	ext/WannierNLQGWannierizationExt/SMVFletcherReevesAudit.jl
file	14414	ce06833b2ee6447b5143445448a7d8f810c7c3db2d54174bc8b31a0d3448bab0	ext/WannierNLQGWannierizationExt/SewingMatrixAlignment.jl
file	26445	00a63c2821e7584da21efca3486f62fd70fb36cb9508f850d2527e8543ee8739	ext/WannierNLQGWannierizationExt/SymmetryCompletedQEPAWMatrixElements.jl
file	50737	8e7b334deb798ff3d9658eac5bc0c3356f70ccb363a234fb139da76008dc9f25	ext/WannierNLQGWannierizationExt/TBSymmetryQualification.jl
file	14374	fa9bdbae925e26c535fce042e134b5a80b875376ccc92e61b583c9abe6ea12e9	ext/WannierNLQGWannierizationExt/TightBindingConstruction.jl
file	15813	5bd410fd8e3bf61d35397fa2efe89e55825cf7e703c9953c49de119ee6e98a04	ext/WannierNLQGWannierizationExt/VASPPawData.jl
file	101536	7ced9a8505905049d8774071c2bd95f7ae34d16b55b7a81166a96d33e545923e	ext/WannierNLQGWannierizationExt/VASPPawMatrixElements.jl
file	23360	a8479aaa234666b201c5ef6041bb73167e6b6094577f21b920b27ab3f7e78e50	ext/WannierNLQGWannierizationExt/VASPPawSpinMatrixElements.jl
file	21254	aaff7db47449efe1d3a2258f192296180b289ab51ccb30c34fadee8bd0cae907	ext/WannierNLQGWannierizationExt/WannierGaugeChainDiagnostics.jl
file	8580	33ae1e8f0a194bfd530ccfa921a02b75bdff65e3eec570964b92cb92c6239c70	ext/WannierNLQGWannierizationExt/WannierGaugeDiagnostics.jl
file	50689	58a2d49a92f0b43cf5b5624af4e2d2c49af22d76c47220bf0ad920a9f2e33d60	ext/WannierNLQGWannierizationExt/WannierHamiltonianOperatorGeneration.jl
file	13439	eb17f844e34d627c86ccf96519453043cd98121feb1ff3d57c3deb400ef7fca7	ext/WannierNLQGWannierizationExt/WannierNLQGWannierizationExt.jl
file	64999	6b19d8706ce1594ffda16b67094e634f6c7a6745e37efa9db6bbb973e79dbe32	ext/WannierNLQGWannierizationExt/WannierUIUGeneration.jl
file	46444	318db1e43e2de4e4842cfa790dd8f097ca82956a13e698c10e5e0136c4f0840c	ext/WannierNLQGWannierizationExt/WannierizationConfigValidation.jl
file	11206	7bc48b267cfff169c74843a25ca42118128971cf32ca0c8b8911fc4acef751e4	ext/WannierNLQGWannierizationExt/WannierizationNoSymmetry.jl
file	78180	68f607f85f8bdf261db7b09f629ac0114e2f2aaebed9bdd94e364c5c7890be1c	ext/WannierNLQGWannierizationExt/WannierizationOutputs.jl
file	116240	ea381a728c5978653f6d51e939baaf0d1c2aaf9e37e8ec74d74f58e2bdacf504	ext/WannierNLQGWannierizationExt/WannierizationWorkflow.jl
file	7282	149e2108d2a9feea076c07f9048e5cf3ab025ce5907bc654df1d41ce602de49d	ext/WannierNLQGWannierizationExt/components/OperatorExport.jl
file	9486	263b16b8c8f1e84730070ac2702aa77f65cd01329c2476ab78e437c44163a530	ext/WannierNLQGWannierizationExt/components/PAWMatrixElements.jl
file	2337	df3044d0db9d7fa33284ebb232c07207d77fa0f0c51ed905083215cca9156760	ext/WannierNLQGWannierizationExt/components/ProjectionSearch.jl
file	8016	d850ac3489c855a27f7f2cd6561194336a6196a9de54228ea0e15890eeb6213a	ext/WannierNLQGWannierizationExt/components/RepresentationPreparation.jl
file	12167	d42a5701a67f2f1b6eb4511697eb4a4cd0eeb5b14d88dbc4d04a427f152ac3f9	ext/WannierNLQGWannierizationExt/components/SolverCheckpoint.jl
file	14692	5148a58aa56c1b2dde719f2dfd3e984b42bd22d331d4c9ad793e28e8a44b15d1	ext/WannierNLQGWannierizationExt/components/WannierizationInternalSupport.jl
file	5216	c40bb1fe69277d64be6fe4f41c8c6ab5c5930069c505bf6380497f8d213bd350	ext/WannierNLQGWannierizationExt/components/WorkflowOrchestration.jl
file	47259	052a1a9c5de08e507430da0e0cf2d332590f20a0012b3e6b5212500a9d86b80a	ext/WannierNLQGWannierizationExt/hdf5/CheckpointDigests.jl
file	13424	33545d39c298293dfe3f2a9f2718c0b80d99f76a572d77f730d7118281ea4a2b	ext/WannierNLQGWannierizationExt/hdf5/FixedSubspace.jl
file	9297	0f61d0ef0edf0032852a9e8a6b57d32d38379178bc9c8d75ebd4976961341223	ext/WannierNLQGWannierizationExt/hdf5/LegacyMigration.jl
file	78049	fedc2da3ce38d4debe4475abc3c9b153e040b4423589fe9c4c8371bb9f439e62	ext/WannierNLQGWannierizationExt/hdf5/Reader.jl
file	42265	13a443fc9257a90032527fe1403ffa451d8c8975cdf9d6f1105134779b5cdbe7	ext/WannierNLQGWannierizationExt/hdf5/Writer.jl
file	77965	5e1870e581c8f6b9b217fec00ca4de563df2ed8790ee1d07c53d85872bdb2fbe	ext/WannierNLQGWannierizationExt/solver/Initialization.jl
file	51826	b594c68ad153bb19c67cd052aca27289f1581d5037f6bc903373291bfcd56c60	ext/WannierNLQGWannierizationExt/solver/LinearAlgebra.jl
file	92895	c251c574db2840df79d6e1f58e69591098e3a8f16fbe52a9df9fab6907859736	ext/WannierNLQGWannierizationExt/solver/Localization.jl
file	113368	18de41a0a8500b433f0ae9056b2e74359cbd198ffc9c4e0d502786aed792f16e	ext/WannierNLQGWannierizationExt/solver/Optimizer.jl
file	15908	b05a0b4d1f7305c1af7f4d5f45512ac25ec8ed9af5412a6a10fb653aadc402ff	ext/WannierNLQGWannierizationExt/solver/RestartContract.jl
file	92480	1d5214f26ea30c0607d6f42997bd4066ce4e967139a9afbe2752a1b147084d44	ext/WannierNLQGWannierizationExt/solver/RestartWorkflow.jl
file	61078	6cc7ce7d384a8f81524cffc5f3d47715bf91fee4d089e702abf50079244b4d06	ext/WannierNLQGWannierizationExt/solver/SolverAcceptance.jl
file	43635	bb0a0c875e974ecc7131a63746c39b6faee297340f187af6d9d54dd97f531e79	ext/WannierNLQGWannierizationExt/solver/SolverInitialization.jl
file	7860	4d8b7abd0ffd0b01209e3a68d3d157f5627b2f03aeffa80910594918ce5b9913	ext/WannierNLQGWannierizationExt/solver/SolverIteration.jl
file	53753	deb943e34b2efcf2c5677d2b06da6ef4b8b9c8f87b9d6b27703aec4e9572fb38	ext/WannierNLQGWannierizationExt/solver/SolverPreparation.jl
file	38297	9b27401cfc907a99ed24e21d541a0dfa08c1ade99f1d5df7ece81ef1117aaf80	ext/WannierNLQGWannierizationExt/solver/SolverProposal.jl
file	21046	f564b69286ab3c35c9a2cc81630f3c14477293276e64f5d445e031178ddc3c52	ext/WannierNLQGWannierizationExt/solver/SolverTermination.jl
file	38114	5e6d354a5042280f879fa2d16e8807ad83eece5494e2e0caa24e78f5c1625f7d	ext/WannierNLQGWannierizationExt/solver/SymmetryFrames.jl
file	161336	5fd555c3b639ae495588bde38d8180e81bf97c58ae2576fbde9bf8bc35135322	ext/WannierNLQGWannierizationExt/star_gauge/ConstructionWorkflow.jl
file	50138	2a692b1349edfa348fb6dc1df45c9d58d49ad08186874da2d4e971b8b721c655	ext/WannierNLQGWannierizationExt/star_gauge/FrameContract.jl
file	89228	3d2413336989d5363c369d10185fd3bae0d30ec9cb5aefd52bd45bd28fd28598	ext/WannierNLQGWannierizationExt/star_gauge/PartitionReynolds.jl
file	95673	2d317467fbac4163940ec8ac74b444a3bd20b1de4807e370524d33ba7f7d6e62	ext/WannierNLQGWannierizationExt/star_gauge/Persistence.jl
file	8555	201a4da40acda5c438ef0996d682b4abc6cb4801281f055e4fd42d9cda9d9d30	ext/WannierNLQGWannierizationExt/star_gauge/StarTransport.jl
file	413	607df34401d3a1d4be3022f559eb797d114dada32c0b037961c120308114cf6b	ext/WannierNLQGWannierizationExt/support/BackendPorts.jl
file	6112	2c91a7089aa651721750da34f846ce01de264bdbde12ea0faba37f374510ad72	ext/WannierNLQGWannierizationExt/support/GaugeFrameProvenance.jl
file	2066	3ccf9a63af553303d0e657579dc470d9036559f33daa6106eed408d667a3f991	ext/WannierNLQGWannierizationExt/support/HDF5Operations.jl
file	4222	196cca6f8014a79210f9c37422a505c0f4a5d8882ae1cef872f179a923d11589	ext/WannierNLQGWannierizationExt/support/RepresentationHelpers.jl
file	950	a26a241a5336cc869e64db02405e787b69059451e2a4e4f772261961ad1accdb	ext/WannierNLQGWannierizationExt/support/ResultHelpers.jl
file	2250	b54ef988a742bd709d35f8847936dc42b088e640a6a6773f6900a05348b7074a	ext/WannierNLQGWannierizationExt/support/SupportLinearAlgebra.jl
file	35994	d0e8712175936faa18da6f38d9777650d3ae3ad639045379c0147d9c3c931537	scripts/ArchitectureContracts.jl
file	11664	6d069db49fdc413b67ea29d0c65c489528c46fd251dc1aca35759c25d1149968	scripts/EvidenceHashing.jl
file	346	ad166ecf063cad5ccda9ac539bae6cf327f214ffc767188d5b03b8626ef74538	scripts/FormatterPaths.jl
file	3767	cd96f0aafb7a996d972134a315ebc48a7df16a1728255ad82f75c0c460b4c8db	scripts/ResponseSymmetryValidationCase.jl
file	14266	5edc60fc0856633e1d2f8327282abb6f2933f584573305641180f012bd19f4e8	scripts/SourceDocumentationAudit.jl
file	2188	597f28e2dbcad62145adb529e68a3fa1267c25007d83e1d3e367ff16abd941de	scripts/ValidationPolicy.jl
file	2940	2dc03cf42fb77e525f9a24efb50e821ef071030f962bef8baea5c7f42d9b67a0	scripts/audit_source_documentation.jl
file	9288	48fbad33805c2f95eb54aaac7d16052f89106b82e1d61f0937e76efb90452903	scripts/check_documentation.jl
file	413	0a7d66b18ff78ae471cd7c7b68f4899b45f9ba64b49964f53001b3869db3e83b	scripts/check_format.jl
file	2497	57041dd5b739a2be878536ee9f68f8dbcf9d2a437d0dae423a9918453a7d0afb	scripts/check_mpi_smoke.jl
file	12791	23758a09b613b70574a56f8dcd1d25fe01666f5f22a8082a30a80dc3560b408c	scripts/check_progress_output.jl
file	7906	db7bd3d854ac0174f5435649da82fec8ea52391aedf3296dba7b80a145cdebda	scripts/check_release_whitelist.jl
file	14656	a5552c06a4284a1b35c7b737adb9212b143a704cfff92469704a52a2db4f7e34	scripts/check_response_symmetry_catalog.jl
file	9156	b5f3cbfb887c0b1a6e6a2ca7e15419c7b1daef32d7e8530f1ec3e9fd3881ee8a	scripts/check_response_symmetry_mpi.jl
file	69279	40e4ae9a915c936cd122dfaa6fa61d468c9de46f65ac4a5bad5a735ef65946e9	scripts/check_structure_boundaries.jl
file	2667	bfe73e12569a527b4b5999f03762f13375af329001bdbbebcbd1d500edecb448	scripts/check_symmetrization_documentation.jl
file	6829	b8061e926cf97fe6c07544ce6c58e704029a36ac5786fcd60bf605ed3538ea78	scripts/check_symmetrization_examples.jl
file	6993	40d0e0d3f37edbcc33209a7e876a899b81601fc416f0ebce3201c969a565e1d3	scripts/check_tag_ci_reuse.py
file	9273	4f8409a6895af01021e26434be95ce8afde694c5d76a98fbf10451679e69a7a3	scripts/check_user_guide_examples.jl
file	12582	f4c5c7246f6b6f213848a313aeda84bc1b17a8275ae73cd692fa60104ea77c51	scripts/check_version_consistency.jl
file	4634	cf48356a689a2483cd268223bce8eaf58b79a6a5392ff03875366d46055129b0	scripts/check_wannierization_documentation.jl
file	309	446cda521ae37a9a1bee1de28938cf9648d299bfd877ae19ed0e1f21f0db2a89	scripts/format.jl
file	26407	cef3c65a05307f0a63bc9c91e364ab6721885fac9a884eb4a14ce4ae871efc6f	scripts/generate_response_symmetry_catalog.jl
file	4564	a770c753a1b9d641e4baf8490afb1983aa25619b01a21a264bcb43e5037e2473	scripts/generate_vasp_paw_spn.jl
file	1099	415d47b82d17a47aab9689b00bb97ea0128d1c0bb51ec04ae543bdf9ab709f8b	scripts/plot_band_structure.jl
file	205	6013be650f0f634939c8005dafd9f47561aaa4bb3823769f6bff5747fbb744e9	scripts/plot_kslice.jl
file	207	1fa4a5325cf6acc4f38df54545aa0567b0e1c47134bed30a1df379d5149a7cf8	scripts/plot_response_integral.jl
file	1014	ee4950ad13e0819164f16e11193d6a457662814cdfa9bbf42442306cf74da511	scripts/visualization/Launcher.jl
file	96	44d144dd10f3844f238313aad43612c59561f3fd885c36226a5103fadb959a1c	scripts/visualization/__init__.py
file	61576	2a70bba9b0f57339ecf2f564fbcb261070c65d83d1a8a28dd6734ce4d28e2fee	scripts/visualization/backend.py
file	31093	e0b8ca3a8ce57b51d14a97a7d8b894ce77a7087ce3b56270fe4eced2eeb4387d	scripts/visualization/band_adapters.py
file	20489	5fa83b83cd3ee766bc3ddb6b94db7dbcbb3a8da63520296d0d2c67e0179a5140	scripts/visualization/band_comparison.py
file	3180	20caecc3e84f109bfba5f2ba5313ef6feca5edc9983fc20f7832ccd81b45993c	scripts/visualization/check_environment.py
file	20207	b0529cd8e762d1aa6304ea05eb248092f4c3560432080dddf026a63bc58fcd0d	scripts/visualization/cli.py
file	7064	0eb965dfdc2b5d5528e9ebd228c20822fbb58dbc8ccf042e43e717baf02e5eb4	scripts/visualization/common.py
file	13919	9ac717bb698f3cccb31d0a575554f452c52c58d2650bd876b01dc06ec67e06f0	scripts/visualization/kslice_parser.py
file	2362	5a4281709de7b1486e2ba059b5bd543eb4a872b23245d460a18fe40fb7db0cb2	scripts/visualization/model_lattice_probe.jl
file	264	9927ea8ad6df6cce6955293a93a869e82484ac1721c23949b887670add23a577	scripts/visualization/requirements.txt
file	3646	2225c1fd9e608bd34e9765e02fa13bc0aa6513692c05b9cba3e642d02393f49d	scripts/visualization/response_parser.py
file	8437	f5367e94c28252e7c0cd5297b4b6ae145611e47dfd119734a0bbc697a3c4e322	scripts/visualization/style.py
file	13619	10c94ec558cc26a6079adf51dfdd46d202f2109c1dbcb342d4fa6092415fd9f2	scripts/visualization/vasp_native.py
file	2322	b53c7598eeee69cc8386f234d0b8610adfa0c6aa054788b2b3fc9cdc579564bf	scripts/write_release_manifest.jl
file	36329	61bbc6cad2797a08d8564abd854687c32d95050c053ddf07337deae2e6706ea1	src/Core/CalculationUtils.jl
file	229	e9b640b755e5525c81f2b3fc459e2ebda3dd28e0ca93bc479b0dfc8d955f45c5	src/Core/Constants.jl
file	1645	7c2a30c0edaf60ba2931ecdbdc0bbbe5d5f7fc8dcacea8d4206d6d149242da43	src/Core/Coordinates.jl
file	2720	374656731d8cccdd32df1a248a2c9966f58b76cfa16f12428b2d8421138a87ad	src/Core/Core.jl
file	3489	23afbdd1fe547a4fca52bf71af55a31d892f44c1122d92bc5a1469d5b318f4a5	src/Core/Models.jl
file	4856	aac60326a3b975d6bc26fe2d2e8895b9a59e1dcc7a541279a2b0c6a41ec4a4ec	src/Core/RealSpaceOperators.jl
file	489	7f687fc82dea8499ac7f05c3d5615448b159f9280f0068f4e8f3971bf1d6a634	src/Core/WannierCenterConventions.jl
file	2209	e0f5037b6c8161df9fc4318ac90735bdde04588d81e721238ba344cd85eb99dd	src/IO/BandStructureWriters.jl
file	2326	cc6368b0afb5cba6731ce25e0366a4cb302ed2f30f3ea79b9a13ea3aaa20d96c	src/IO/IO.jl
file	17656	43e1f050ed1b97773562b63912a977e2847fc4e70e42998309dabe55512a2c11	src/IO/RealSpaceOperatorBundles.jl
file	20893	979cf4ffabb00bd0787688ebf7ba67c6af933f9ed3d3dae8a832190ad7f4ebee	src/IO/ResponseSymmetryArtifacts.jl
file	4397	660f5d46a795b9637524833db8a65b876caa3896891da03856d888c0a07d369e	src/IO/ResultWriters.jl
file	26116	6e0e8f9bbb8b8e752dcaa66e9ac0a9aeb5b0b322958d9d65135734c0ee037f62	src/IO/SpinReaders.jl
file	13293	271b19e5e42620996f319f869ba84da94b6d7fc3275fbf59aa0d6fbc2398f430	src/IO/SpinVelocityReaders.jl
file	4485	40f9d06282856f4877451a5921ff206cf95a1ec756fa7dea3ea9c5b55a381590	src/IO/WannierAMN.jl
file	5131	04b0ce4f4678fd13d1f5c33ba9d31f026656c627b947ae6b9ecd2796312b2e15	src/IO/WannierHR.jl
file	12720	e523e9a2761694d809f88f8ce8473cb9857e8422193c3e9623b887c8a3d2f713	src/IO/WannierHamiltonianOperatorFiles.jl
file	1677	9c69a4d7cf044e18a6de034cc5d0c1fa48b071a4bb9266bb39aba47b13b55688	src/IO/WannierMMNWriter.jl
file	13353	9151fb25a582bea678ebd81b8f774599694a64fe14cebe2a606e5248ffc9df44	src/IO/WannierNNKP.jl
file	2811	95c758d5778f28ccf812de611bf513e2cfe6609339af836c4306023e629d6a98	src/IO/WannierTB.jl
file	2422	8cfa75ce8226e77b401e0e83dd954812572bf1085dbcc40aebb5dbca328e03cf	src/IO/WannierTBWriter.jl
file	11414	377e453e6e8679c690d9f520257662377a751dc94158741d9336d3879db5b1f1	src/IO/WannierUIU.jl
file	4230	1a8ba27047836040fcb4a5e8011fd019ab4889f8a6bf849cb305339de01ca0be	src/IO/WannierWSVEC.jl
file	6004	bd4aa0f690f89a90a7912fd89813bdabdb8a7f2f3228c3e86886444b56e70d9b	src/MatrixElements/ConventionCovariantTransport.jl
file	10102	c23953082fc6fdd2d1b17e68fe7ffe07617eeb40818e254b4e034fe2af81dbd5	src/MatrixElements/GeometricLoopMatrixElements.jl
file	627	5e45ee3110372420e1649c498acf4d207c564030a1eae9154ea5bf0f5fc62c15	src/MatrixElements/Interfaces.jl
file	24727	b62e50bbd5ca6402784bd83c6c1b9505685c7259c4102d905489e8a832f767e2	src/MatrixElements/Interpolated/HamiltonianMatrixElements.jl
file	27038	bfcede0fcab02ea779b0ea380b77a9ecb131c712876d79b87115bab251fc4dda	src/MatrixElements/Interpolated/MatrixElementPlan.jl
file	27883	00083e44e4f962c3cc6254c51a9849e9c60351a6f20c18db5c704c417755abee	src/MatrixElements/Interpolated/MatrixElementWorkspace.jl
file	30795	8ab8194ec2f8ba858cc2f43bf961b3f84a7c5d7c7fcc370bac55e7fdc545ec28	src/MatrixElements/Interpolated/MixedFourierMatrixElements.jl
file	20544	b8bbd6afda8a7a1b1ede7e2f33a9776436adf2d9232371c0f098e975bd5ec6f4	src/MatrixElements/Interpolated/PositionMatrixElements.jl
file	7390	4974d8968406b8e2b46e6b906d60b313c8072010b30f19311d94c552d1fc6721	src/MatrixElements/Interpolated/SharedInterpolationCache.jl
file	12086	f8671309969b0f4289d60790ac4ae4c6bd2bc8bf7f227d062fdc80e5752c5328	src/MatrixElements/Interpolated/SpinMatrixElements.jl
file	56609	dc1e0d9256b37460b19eea8c2ace11431fcf44786259bb653cb2cd3300233672	src/MatrixElements/Interpolated/SpinVelocityMatrixElements.jl
file	5200	f46d9e624df57b2d700cfc9c09a304855451ae2a569b1848822c722c4d0d3570	src/MatrixElements/Interpolated/WannierCenterConventionTransforms.jl
file	15524	f394bc0f22304c1eb7dd804c52bde35b38b40b22972bd174107239ba12ecf2fa	src/MatrixElements/Interpolated/WannierDerivativeOperators.jl
file	11303	74a2f3d049566914d031152d95f1878f6ef91f832a9188747589da5433015737	src/MatrixElements/Interpolated/WannierPairWignerSeitzTransforms.jl
file	6999	2964fd93c73c29736e2500c62b17030d3b91d7f39b7f16e33d82c6b5899f9903	src/MatrixElements/MatrixElementsIntegrationContracts.jl
file	4088	0e7fb7088783a10028425f7c92ffa5eeae9413e2053a653272fe0b02df1eee31	src/MatrixElements/MatrixElementsModule.jl
file	854	021d2c248914c268772c8017dad22dfe7d8aa03c2f9bb23c6c06305cbd5117e7	src/MatrixElements/ModelTransforms.jl
file	25282	959551bbc4bb06e795b97fab72752b0bd6a117bdc338ba59595d4c18d4d7f3c3	src/MatrixElements/ProjectorMatrixElements.jl
file	24973	68f42f284eb8decd6d1dccfbc5e245626b768f333ae8313da2a69fcb8df4feaf	src/MatrixElements/RealSpaceReplicaPolicies.jl
file	9865	3090f2fff135d263f1f22063b5a1fb00f619b8922dc40e754b8bb420d931bcbe	src/Responses/InjectionCurrent/ConventionalInjectionCurrent.jl
file	10585	402dc065a03c6ec16f9a8fb8e627b7a38d96470941ceeb20b3977082f4b2caa1	src/Responses/InjectionSpinCurrent/ConventionalInjectionSpinCurrent.jl
file	35168	6996154becc6f2aa659fb91e50e32c88ecf7b3fab411a014d09736e717565c7e	src/Responses/PhotonDragInjectionCurrent/ConventionalPhotonDragInjectionCurrent.jl
file	174	2ecf16d0a9d9cfd46572c5c04c0b92e6156ae04cc3c9f8ccbd61084259fd3296	src/Responses/PhotonDragShiftCurrent/GeometricLoopPhotonDragShiftCurrent.jl
file	18419	11f9bec105cc4481767c156212ae35c9e1508c59ef8901cfdfedb04de9d0899f	src/Responses/QuantumGeometry/ConventionalQuantumGeometry.jl
file	14607	87aacb0baaffc46d5def5bf11ef9c304494a221cd5f35264e2d48d1612b65020	src/Responses/QuantumGeometry/GeometricLoopQuantumGeometry.jl
file	15099	886dc9dc217f56933484cda57bd9b21e4e508506e31937fb4f7d363626ee06d8	src/Responses/QuantumGeometry/GeometricLoopShiftVector.jl
file	16454	c4bc6594c27c8b4c4ee3d118dac7fcf8f52de1012de214e1e98632ae15cb38a7	src/Responses/QuantumGeometry/ProjectorQuantumGeometry.jl
file	16048	f8e3515a8b69228322adff3cb8d99613f8428277da8dd00757a7a76fce0657e3	src/Responses/QuantumGeometry/QuantumGeometryDerivatives.jl
file	1630	546e3100d20c8957ef1f968fa6543f86313385aa64baddcbfbd46c01356f257c	src/Responses/QuantumGeometry/WilsonLoopQuantumGeometry.jl
file	5798	dfff9254f60e6c6286949b5e4926fcbd981cb162f4b91d76bd66f50a471e39a2	src/Responses/QuantumGeometry/WilsonLoopShiftVector.jl
file	6144	455e33bbafec074bfc2374616338d01e39855ded8d6150c3d990216bac838791	src/Responses/Responses.jl
file	22435	659896dd4dc49a208a163dc07cf76a4da630cf0bc3cf0adc71a147bcdd3d2a0b	src/Responses/Shared/GeometricLoopCovariantKernels.jl
file	14948	408f5ec82af6e5057da881194eb370f33258d765ebad4365196f25451b793b2c	src/Responses/Shared/LoopCurrentSharedKernels.jl
file	13344	4f7b1daf418af6ac777404f68543d3ef225aa57399436d0d9b536b0085d4dee5	src/Responses/Shared/ResponseFrequencyContraction.jl
file	25563	d50b425628e65c9bdfe2e811cf419cf78a6da2961499fe8db419d7782b9162ce	src/Responses/Shared/ResponseKernelHelpers.jl
file	10961	560738fc5a1f87a73eced51a2cdf6cb22b76a4fca37e668888bacb185f77c6c1	src/Responses/Shared/ResponseSymmetry.jl
file	28457	907e034a455f4a55365925853dbf4af6fc49897948fe32268c256ddf9b8c7776	src/Responses/Shared/ResponseWorkspaces.jl
file	17620	6c9aca29dd110d71b5be71432c82732ccbe9ca70290ecfb7791a0dbe6a965514	src/Responses/Shared/WilsonLoopResponseKernels.jl
file	37777	1ef752a04d72934e1645255d9c4b00f80f7ccecad59809b65f827a6003a2231d	src/Responses/ShiftCurrent/ConventionalShiftCurrent.jl
file	2816	a39afbeb05fcee13438843c8053d99c5d3b146eb09cf5a8f77f7853a60959673	src/Responses/ShiftCurrent/GeometricLoopShiftCurrent.jl
file	5975	42618670af3f2d0e74e55bcf99f8d0d8e4bf1d93794c7ac00c9102db2c78e8a0	src/Responses/ShiftCurrent/ProjectorShiftCurrent.jl
file	2740	c837fa0bb1f79c24fa67787b633862ab2be236544c83bf760bb574da592209be	src/Responses/ShiftCurrent/WilsonLoopShiftCurrent.jl
file	20585	5806b01572c0c5d140c73658ccc411e911e6ce2de7d636d05004beb9bce70ff2	src/Responses/ShiftSpinCurrent/ConventionalShiftSpinCurrent.jl
file	8057	bd4ab7f46306656b633c49af3ffdcb991b4cb91e3527e15a83fb63a80b98cd02	src/Runtime/BandStructure.jl
file	672	79bd2ca0258460d7eaa4f04f17ac771966bc841485560fbaa625d5f63f4d533e	src/Runtime/BundleKLoop.jl
file	20794	d73b0a77019c00554256b7d91a60e9df79a883f9f08670edf29c13b58f164ebd	src/Runtime/Config.jl
file	15637	eb0ce9a2129afc9471e19b918bf78cecd93ab4716164f3a957cf5959ee3babb2	src/Runtime/Dispatch.jl
file	2469	62d540ddc6051a8d1df4bca6ecb37e8669b6e7ba68406a9fbf8b51aa1b39a525	src/Runtime/Environment.jl
file	1805	ea5078e93a767bd98ad91c63fd779b23b3b07afde58e41bc70b50a2fa84cbab5	src/Runtime/Execution/BandStructureKernel.jl
file	1298	c77c8a32c4f025333e664a6755c1b9a87b4f6317a15935b4314c0d93b7e521c9	src/Runtime/Execution/BundleDispatch.jl
file	31715	23e091020fee0533de80682ed85c4bdba2a237ad5a5ebd646b1cdfe1ffe5a809	src/Runtime/Execution/IntegralDriver.jl
file	69630	290d6868f01dea68188f21397ab6cbf673c75760823a8fbc65c5c519a6e17622	src/Runtime/Execution/IntegralFamilies.jl
file	6956	d89ea764ea5f1dc92c2c739af6b4bb7a7387c1cb730b1564eaf978aca9d33331	src/Runtime/Execution/KPathDriver.jl
file	56260	6af21ef268cdd9021574d348d24341ea10a4d82f38e4fbd828723bf965b2e08a	src/Runtime/Execution/KSliceDriver.jl
file	25482	caa8098d3f6c7add0a11c4084ef902cbb3a997b58de2dff29795aa5fe2e8654e	src/Runtime/Execution/KSliceFamilies.jl
file	3691	9521e21bfbfa1990e4c4c3dfc8b09d00935363b986c5027456f0948f1e7fe19f	src/Runtime/Execution/TaskSamplingScheduler.jl
file	15007	9064352b318f85868eef305e86fcf22f0bef9c461c952d87b5e7032268b76249	src/Runtime/Execution/TransitionScreening.jl
file	18947	9de0cd432d93328bc203bdc1c51923fe3e4d26045b618023791e559d480fb21e	src/Runtime/MPI.jl
file	33748	dcc80395100b2fc0a359291ad638defdafb93cc0ae6e402412dc56c76180fca8	src/Runtime/OperatorBundleSetup.jl
file	3702	f3e12d19197d754ec0c7dd39af3a25b052bbefccb2d0726363427dfb7fa3f8ea	src/Runtime/Output/ResponseOutput.jl
file	39991	994d71c8805ef94c1ee06f4cbfd50fe350937efd6d14845e0c5972024d151600	src/Runtime/Paths.jl
file	2809	596eee5a38221fc16741424081fe64ab3eec4ba04d3d7e88380ff9aa206fa12f	src/Runtime/Planning/BundlePlans.jl
file	31875	03dc1eccdc6d8e3f7957258a8e4b176431cdf6e71f0405cb43899a1f1ce52d65	src/Runtime/Planning/TaskRegistry.jl
file	86255	aedf9ae641c9a16266a709f931945723abbae298b3a76719678e659bda5e1ca7	src/Runtime/Progress.jl
file	1938	e44f83a03ef96ddd10449d8d319678cc1753be870023813ba1b03664ffebed94	src/Runtime/Reduction/DeterministicReduction.jl
file	13508	08c108ea0c319dd1cbb8b5263986eb5edee75acb063b82dccfb21ea0c99bb1de	src/Runtime/ReplicaPreparation.jl
file	2091	4fba779fc0e1b38a6991f48a20791f6f72423c35114bfe7d55b26df12dcf86bc	src/Runtime/ResponseSetup.jl
file	69956	3c26fb1807d554033b410d3a2166c30c3b180f78b6f68e9726feb0a16c4017f6	src/Runtime/ResponseSymmetryRuntime.jl
file	4717	f42f16db5b62390e21373ea326abd5de6b81e197b440e915b213e5e1b6f095b6	src/Runtime/ResultFilenames.jl
file	8594	78e9baaa29b6d721d9dd21c7c32aa1140d01d2059a87b5f2322cd5ea37732b5c	src/Runtime/Runtime.jl
file	19623	4de35feb2634a4f9e112bd278d2835bbbad0e5519f4f43f1d7885ab60e543685	src/Runtime/Setup/BundleAssembly.jl
file	18688	652f9038cdff56a76631d1fe0708021ffd7010b1e9b31043ca427b894f2581b4	src/Runtime/Setup/ExecutionState.jl
file	18467	b9483a276ded22895b5b8a354e76b27d7d98a0c2cd62953672aece5455a2e3e6	src/Runtime/Setup/FourierExecutionPlan.jl
file	5596	e5e9939dd7ad553c597647330969adb312fe346f22c66c69431f341cb8fa8336	src/Runtime/SpinSetup.jl
file	35054	105c2e83e145e8da4727c93dfeb471361283b5c9af100633ef95f34cea668ae6	src/Runtime/TaskConfiguration.jl
file	32939	61c51835111b8e72ae0ebfbd5cd369bc865d2c76972f0c20b64df159ff3609fe	src/Runtime/Validation.jl
file	3462	f6033ef4c86c417961953a992b3f9272cbfbe33406fe3b77bfbd9fbd469003ba	src/Symmetrization/GaugeAwareSymmetrizationModels.jl
file	1586	2d5852ab56279c4a8aa8b5bf923fc42eb8adc13d4ae7b7998903ab54a67faff1	src/Symmetrization/Symmetrization.jl
file	3589	c7ddd642e72928e3596cfe8132eecce2388406bcd000ddf65aabaff72108eec8	src/Symmetrization/SymmetrizationConfigs.jl
file	1104	d12129b366935257e56c629108c2857fb07731060bf22b942366c188efbe8855	src/Symmetrization/SymmetrizationExpertInterfaces.jl
file	1791	5a1acb51d86d21e91f932156970a6c1da11a4df727c3228b1b0d43f29646797e	src/Symmetrization/SymmetrizationExtensionLoading.jl
file	7894	b6f5ba61a9f08f96629fe03e77b58611193ca97a788ec78acdf3e3a2ce430338	src/SymmetryFoundation/BandRepresentationContracts.jl
file	22598	cd169a4b063dd0d9e07391add6b14e8e66f0576ca411ad0d809561db32a9ba88	src/SymmetryFoundation/BandRepresentationModels.jl
file	23487	8f1f789728cf8508270797b90ab08b4083854ffb151d72762bebc5e80d4065ab	src/SymmetryFoundation/CanonicalBandRepresentationBuilder.jl
file	105785	2d9283c54e7a84196c396f35f5b44d48bd90c38795842648199ac528558b39cb	src/SymmetryFoundation/GeneratedMagneticPointGroupCatalog.jl
file	19280	4570b2df131e7983d6c44a78e825edafd26d4298d1ac42b150cf5fd839d1a336	src/SymmetryFoundation/MagneticPointGroupCanonicalization.jl
file	6768	5fe3ac5917becf49f4c91e6db892af8276208745e4d1f500209714fbd7d368d2	src/SymmetryFoundation/NativeWavefunctionModels.jl
file	15356	0e559f35b3d67aa161d0a1381fcde2dc965ba0675378fb0d0241d43a71c84baa	src/SymmetryFoundation/RealSpaceSymmetryProjectors.jl
file	7763	bc08c636ad596a958d032056962ba1a74f07659a0bd0b1a8c8d2d7693a0ebd78	src/SymmetryFoundation/ResponseSymmetryGroupGenerators.jl
file	4215	fda77d63e5242c9460be79b8b542ddaf723aa780bd439fb01b5112d9dae5252c	src/SymmetryFoundation/ResponseSymmetryGroupReporting.jl
file	2488	509d9d1b2eab6f8149695ae29a60a0fcecf778f0c00d668a9c3095943b1d9141	src/SymmetryFoundation/SpinSymmetryActions.jl
file	7937	57b7fda515b7d61d9c5e4f327de3815ae76d319cc95cffa3256f2b4bf8512198	src/SymmetryFoundation/SymmetryDetectionContracts.jl
file	1444	5b45e760c6815b043bd9010405c883b980bb7a2f8eae385ebac5dc7f88d8d3c0	src/SymmetryFoundation/SymmetryFoundation.jl
file	4786	215241bfedea430c609c1fb7ba599d8c4db0b7d762dea29d3ece3b981292f669	src/SymmetryFoundation/SymmetryFoundationExpertInterfaces.jl
file	2011	6cf8f7618e283c33b4c617c3aa3a4f04cca0bb31c1e0df245dd0840f61092cf0	src/SymmetryFoundation/SymmetryFoundationExtensionLoading.jl
file	2067	c8dc89c5981c83f94e05c8134c3ae41404d2ccd834ec8956a06e1f5d5a761166	src/SymmetryFoundation/SymmetryFoundationIntegrationContracts.jl
file	10683	20bb92b55f69be12002d3066726ee2445ef250f788ba763699408ed22b007458	src/SymmetryFoundation/SymmetryModels.jl
file	14903	b8ffe3e7b78728cb33b67b6e63af2f014911ea645687f3b4a2a85dfc2c41d828	src/SymmetryFoundation/VASPWavefunctions.jl
file	1591	6300e050bfd7e1778842cddbf648db37d2c6ffc8c167de1b649b87fac2167b1d	src/WannierNLQG.jl
file	10194	53d930c042cfd9e5ffbc9ab01e85d2d5500a8fadb44c0a88321a8cfb7b369335	src/WannierProjection/ProjectionModels.jl
file	769	f61769b51e8d413d481adb5d800b6c86e112a4a6a8d7b554a3168c9567aedcd8	src/WannierProjection/WannierInputParsingHelpers.jl
file	642	c57e9c9f3bf837cc80a05f08437f9eeaa6cff0f141dc46faf77cf779fd84f0ed	src/WannierProjection/WannierProjection.jl
file	412	94fa39bc2531ba468e8cefb0b3374e663ef9dc811072910d3ecb1c57b48fd419	src/WannierProjection/WannierProjectionIntegrationContracts.jl
file	44071	6d5313a1aa7e4bd6a7335b7b05d0be4378ca3a2be698e96ed50e173efd50216b	src/WannierProjection/WannierProjectionRepresentations.jl
file	7748	78164f059d379bca1a23fdbeed186402aaf8c77d6d1ca0f7e86886a65093ab7c	src/WannierProjection/WannierWinData.jl
file	12003	36316e27da64c71072c8a3d2d064203892cf4548be8ccdbb0b98a34f821e73b8	src/Wannierization/ProjectionRepresentationSearchModels.jl
file	800	f3042469af96d9c3f0a5528c82d9d317bde2e06ba06dae134f796e383035ca7a	src/Wannierization/Wannierization.jl
file	62134	b100f1b91f61fc019abe71e728d55e5edbf44bda4c698af2e6105680842844da	src/Wannierization/WannierizationExpertInterfaces.jl
file	1842	7e80ab282f379c9136d0b5c2cc9c2c20672a2eeb414d6d3a8d11d02ce8cd6db4	src/Wannierization/WannierizationExtensionLoading.jl
file	51492	29688f7b85f0ff9a26e41bf8a3fba9662010a6d79b00360355241779f9deede5	src/Wannierization/models/ConfigurationsContracts.jl
file	26584	86d891d05dd42ffa47b622e8819ef02710608cab098c004cb804c44047f50f61	src/Wannierization/models/DiagnosticsQualification.jl
file	28081	c5d189c897990bb1703e964794e60356e0920f8a5e61355719f88c8765806ffc	src/Wannierization/models/OptimizerStates.jl
file	38395	b96ba81c6006d2c59a169db92323fa30336760f333bfde7e183e977e14c7b259	src/Wannierization/models/ResultsArtifacts.jl
file	1789	2ede74e68e4b8948ed833907d7eb6e1ebce1883728e0cee9cde5e7ad234b0352	test/AugmentationAwareSewingDeterminismProbe.jl
file	921	424851c293733774bf69acf3f71a7a82b94036b345bf63f3d7ff6035da9da547	test/AugmentationAwareSewingFreshReadProbe.jl
file	4470	5617362ed135312bf70dc2a9136eba9966b2149cf7783448370384866b441502	test/BandPublicSchemaTestSupport.jl
file	13085	d81656caaa612c40725c09c2eb1d17cc3f343aecb6132f72edf752ecdcba1680	test/CITestPlan.jl
file	527	57bb6b1a184b26063f544fd6e78a9a191378d9ec62380bc7d45f576cad5b98c9	test/DocumentedExampleTestSupport.jl
file	20872	4fd9246a1810b75776d9b19c3b5038853253bf66d41df8126016d49b4eb536ae	test/MDRSRuntimeMpiProbe.jl
file	16373	1bda08e174e6dabe6615df0e5742806d641a276d04d60d3f419535eb495f26e4	test/Manifest.toml
file	1321	c59b45e61fea912db579ec29bdeac8c47d501794c3e4d5400064b73a7c3b6b08	test/OperatorBundleTestSupport.jl
file	858	97e05d6c1b26f1ee990d570d5fca6e49673f1afd46b5905af5c9c8b861e1dfd7	test/Project.toml
file	1623	dd32d90f82e30cf397b47ba620ee6b0afed3b494cbed709b52b3a7255880325a	test/QECoefficientSewingDeterminismProbe.jl
file	771	227289e5ac220bb1e3c67a50c32f00240108b19d8c9ad46ae70fff7672844898	test/QECoefficientSewingFreshReadProbe.jl
file	2872	6a7417ad49ee321063087d0ccb0f6c623a2f1927833ec8ed2547b8a42c78cade	test/QECoefficientSewingTestSupport.jl
file	8366	aa74e521d00f4fb7ae2d5b5571f4041e79fc15420dff4f2f63a74443ea1eb1b9	test/QEPAWMatrixElementsTestSupport.jl
file	2076	2eb239967b3dcd6d3e245fe4ad24e46e2691aa2241d4989a6617774b869f37e7	test/QEPAWMatrixElementsThreadProbe.jl
file	1528	fe1dbbad3f9a5ab592c1fe03e1fb36d53a638188d30b0693d01a456a0ece52ef	test/ResponseSymmetryRuntimeProbe.jl
file	2625	545ca316dfce7767f08278578dded236b943fa8be61120f83313436bcb4e77a5	test/ResponseTestSupport.jl
file	7441	7fe8fbd220e030ad92e1a761ed88cf5d59382500c990ae5f5dbe941f32ada172	test/SolverStageCharacterizationProbe.jl
file	422	e19e5c242d9a6b187a9acae913db9b4e9e0ae101e46b1fb85ab64cd024c895a2	test/StarGaugeFreshReadProbe.jl
file	3146	661473f5df0b5635b8522849d0bf019a1a8e708df580261bd96377da94c34f21	test/StarGaugeThreadProbe.jl
file	3340	7ab014735a2148bc92fdb4edb22587120505bfc26643f6bc139108be49aae904	test/StorageSchemaTestSupport.jl
file	3034	92fba6b3af2b756e64b9d1e5e65d19ffdcb6ea309a46cfd4f452a64f1bae9375	test/SymmetrizedDFTHamiltonianFreshReadProbe.jl
file	14931	7c97f9b895e981acaa635e15bd7a556d5b14049bd067d6498bb2a326682c3710	test/SymmetryFoundationExtensionLifecycleProbe.jl
file	266	de97ffc985f53ed0a42f8a550ace5ce876908831fcfa87036e2ce30a21c9db15	test/VASPPawSPNProvenanceFreshReadProbe.jl
file	4218	c117cbbafa399072b6eab0f8a5714c30d5ea8f63c5df66e393e59e53d0e87002	test/VASPPawThreadDeterminismProbe.jl
file	2172	64f32ef027f791c3427f254f3d2cebcc59bede83ce0d0cdb7f730e9746efda86	test/WannierHamiltonianOperatorThreadProbe.jl
file	5433	fe155f80a6f1ac0edf477eae91969b86beb6227131224e5b70126cd7135b046b	test/WannierizationFixtureSupport.jl
file	9777	fab5eaa1b6051f8742ac2903891a52d3c274d3531d58bca2f0731dded690f749	test/WannierizationFreshProcessProbe.jl
file	2071	259e2e69e18f1fbb15c1660ff61bc6b3891d98dfd4fe3e1c4a4a068255568d15	test/WannierizationRawZMpiProbe.jl
file	6523	eb0722227392184fa979986bae22006376c20b4ddb1411e8f4a00ab26d0d80ae	test/WannierizationThreadDeterminismProbe.jl
file	7656	e856095f0ced4683efca16dc454c6fb0ddde9268262efe575c9049c6ef1452d8	test/WannierizationULocalizationMpiProbe.jl
file	7414	c1770cb6a7fe67156c0778180a5d7d0f276e8b2dfc6b88113928af17abcf85af	test/WannierizationWorkflowMpiProbe.jl
file	33644	c4c35d64ee8948d7ae2e21cd268f064fa385fc959990464492a06915f61b1d65	test/api_snapshot_unit.jl
file	18670	3042a4832c589ab93d34fcf967db67fcc86c405fc526676c92b8a3a670075505	test/architecture_contracts_unit.jl
file	19506	91cf0c0d87a1470e4b9e9eea6d47dc6bf6d2337ec66a6f966fd082ba8e9c930b	test/architecture_unit.jl
file	786	1eafa606fb773dc8614579c84c6e779772b34e41bc08bd5c53312c547cc30c9b	test/augmentation_aware_sewing_thread_determinism_unit.jl
file	39092	dde882046652cb89dc324e568d77b99c71ff47a08c53ab9bce2a324ab6c582ca	test/augmentation_aware_sewing_unit.jl
file	22503	bfb0e2e3c06539a8f78d0e314f8803bfa3c6185a2a4e1a9dd707a7e62fd72dbf	test/band_public_downstream_unit.jl
file	11922	a84c2825f8924d6f8eae62fa88b27a19049e24d150f3e82895cc13040c412fa1	test/band_public_schema_unit.jl
file	20773	f382a3fe4e5e8fec0ae6432706f779277a18150fbc8579b915fd0dbfd9a1b9d1	test/band_structure_unit.jl
file	6937	e1ef97b575de8010d97bf8396d18d9d219a12763ecaf9e13190b02395b6dfeee	test/berry_external_hct_unit.jl
file	6652	b6ff2ee02346a2c5fcacd6931d6b472dcd576e97df55ce4288da07cbd81752ee	test/ci_execution_contract_unit.jl
file	5745	6cb0e48647b6b0b0319f934998b18ba53735aac81658de53f4a1464582a37b06	test/contracts/symmetrization_extension.toml
file	49685	7b47763d99a1f63dbd63f0682457b6b7d018054b44ff0aa3595c8001a1b7eb2e	test/contracts/wannierization_components.toml
file	5915	cb276eadec4efb557bf092d9606d904d1309c7535ce196e24c32256112b1decc	test/diagnostic_augmentation_sewing_unit.jl
file	25854	c67b0eb01698171f7378fffe82f7d8ab139b5217d14be04ceba91d51bca62da8	test/diagnostic_symmetry_construction_unit.jl
file	2305	9a25235a450a23f3035abf8f762ffe1f1b9b8ca4cae6b88faa5b2533d87a45f0	test/documented_examples_full_unit.jl
file	2263	84e3a3986465f9fdf71339b88a4eac69a73297195ecd47449a36e9e1f53a59cd	test/documented_examples_unit.jl
file	7792	0d8dec6caa3a737e9c12f33a15e884153050640fcbdd0f906a316615bd3fb6e7	test/evidence_hashing_unit.jl
file	1414	5958c4217a6d768b7407f43cf657ce8913d1471e4e0fc3e7e2e77d9b0bac3d36	test/fixtures/band_public_schema/README.md
file	187	201890a2db7121aa097237aeb76d3ddda0e63f103bc6dd2d1395518699af54f6	test/fixtures/band_public_schema/SHA256SUMS
file	23143	155e1c3b91a2e44838ccaa70d41b68649db9acc0a74e592039bb5c8d683acfdf	test/fixtures/band_public_schema/former_complete_1_17.h5
file	23140	fb8d734541be917bedb34c3e7bce2cb055f951df66154b7a9eebe1d6cb7c4c43	test/fixtures/band_public_schema/former_normal_prepared_1_16.h5
file	1373	a24a0606abdb4de1ebcbed39a3a7d873aebefbb8d5a37b86ee16bad6060b8e04	test/fixtures/fake_wannierization_case.jl
file	1309	35a5403a50e4213146d5803ccad5ed6a8aa8b1609b12e27e8916855ad690ce62	test/fixtures/projection_representation_compatibility/synthetic_coefficient_oracle.toml
file	22540	7e6cfc2984e463ba6beecfa2e76287550d52056c026b8e988db924a1959fe69a	test/fixtures/response_symmetry/historical_complete_1_1.json
file	787	798e8e6abaf45b1271c40faad67dae321615e0c4157394fef2d38bbc81059d8e	test/fixtures/response_symmetry/historical_diagnostic_1_0.json
file	1314	11685a375bb594485ab2b7015fccbe59563a6bbd2aa22e7ac8e192d74f61118e	test/fixtures/schema_compatibility/README.md
file	349	e8b450e5a225f35e29aaf4a40fef20cdcdf2ef19b34831e31cd222a6602d6470	test/fixtures/schema_compatibility/SHA256SUMS
file	43377	f378c1bc96d4f71eaea852450a6189bcb1495bbdd8712d5bbb0d6231984b538d	test/fixtures/schema_compatibility/checkpoint_2_28.h5
file	2568	ac558cb2b475636f196a26af578cecbac5541e40341df41ec51018cd31028160	test/fixtures/schema_compatibility/generator_provenance/README.md
file	1720	9a8f6e3844c99930af1d22f75c7b3eaa8c8ef9a66b5ab652d2eca571a3ea2b0d	test/fixtures/schema_compatibility/generator_provenance/SHA256SUMS
file	105	d2b8c4d8dc007929f8342bdfa6c57e62012de2e21900ff390fe67821ae9f8884	test/fixtures/schema_compatibility/generator_provenance/fixture.eig
file	160	ed5cb93f30fdb0b0b0e246fba89412e78e7c2a8dd51a93f63cff503ca67b17ce	test/fixtures/schema_compatibility/generator_provenance/fixture.uHu
file	170	52377d850ad55402287922eb6f6b722bc4d6ec7705b139891cedff803efd906a	test/fixtures/schema_compatibility/generator_provenance/fixture.uIu
file	6770	652bb2fde409018f752955cb6750c81ca0d0bf79e147f41d165ba339e72a8b9f	test/fixtures/schema_compatibility/generator_provenance/hamiltonian.json
file	139	446d3d8e8378a70d51f81ed04712ec953f209a34398ed2e63127b90de88b3665	test/fixtures/schema_compatibility/generator_provenance/oracle.mmn
file	252	20168626fc47207f1acb80fc2f16edba9de2f93e8012cc1d6758e0fd1dcce555	test/fixtures/schema_compatibility/generator_provenance/qe.spn
file	747	231cad347cb2636a49f1052009e7c9b9caf173d4f5ff51be9cc415ec8506b58e	test/fixtures/schema_compatibility/generator_provenance/qe_source/fixture.nnkp
file	539	74770e8ee94e2919581ec39a711c169aa56b9dabb53b92b6631fd97072651ee6	test/fixtures/schema_compatibility/generator_provenance/qe_source/fixture.save/X.UPF
file	919	bdd2f4fe97cce7aef4a9fe98a349364f507134ee69fd84ceaf50ca30792b4f01	test/fixtures/schema_compatibility/generator_provenance/qe_source/fixture.save/data-file-schema.xml
file	2104	2a9ec2c593a866571e06734d02061cbfe8ae3e3a017d2b911d4ee4e7688f1bf4	test/fixtures/schema_compatibility/generator_provenance/qe_source/fixture.save/wfc1.hdf5
file	2104	02d6f4b63e8680975d3760ee2ae6202c065c5c766810ea09b4eb42722d56500c	test/fixtures/schema_compatibility/generator_provenance/qe_source/fixture.save/wfc2.hdf5
file	2104	b3fd20932a89be5877e339ad1ce73d98d7234c39c6ae409835a30a0d3877aee4	test/fixtures/schema_compatibility/generator_provenance/qe_source/fixture.save/wfc3.hdf5
file	3173	8b7aa95d484638b1426ce2460df069850cc667e97de4cb95badb9e23a7d363e2	test/fixtures/schema_compatibility/generator_provenance/qe_spn.json
file	2272	dbdc7565a3bfda392142a1338749971ebde97c2fdd77034cceedd253c511f6d4	test/fixtures/schema_compatibility/generator_provenance/qe_spn_contract_1_1.json
file	4195	5b5da1c7a7fafe3fe0a005b196b8d92644b16580b6a428b9d3300dd9b4703124	test/fixtures/schema_compatibility/generator_provenance/uiu.json
file	384	2bfec41f51ab7960907c3f16203aae3054d75c206fb01f8581e64a1b143b9b4c	test/fixtures/schema_compatibility/generator_provenance/uiu_partial.json
file	388	500fc773dbe7f0a20ddd9d49549ae1cc1cef70fed7e93a9fad543f45260fdcfd	test/fixtures/schema_compatibility/generator_provenance/vasp.spn
file	19786	3386f6f76895ab510d4ae11645544999da64ca78571fcf067bfa84c342fce990	test/fixtures/schema_compatibility/generator_provenance/vasp_spn.h5
file	6160	cd187710051fb4c83025d6426d773cc2996190e5e4bef6d9fd057f416b10b572	test/fixtures/schema_compatibility/generator_provenance/vasp_spn_contract_1_0.h5
file	7221	1d35f1d83b09bf5ba6d8f901182d2eb76844f9a41d64b76ca99cb5e8744154d3	test/fixtures/schema_compatibility/generator_provenance/vasp_spn_contract_1_1.h5
file	167091	cc2c868303fee30bbdd481f1ee28d31ead87a621e06886c3010ebf74bebd7146	test/fixtures/schema_compatibility/packed_6_3.h5
file	8060	44f9af72b868398e392e98ec85e038f315344f59c757ec29eba1dace43353d7d	test/fixtures/schema_compatibility/projection_search_2_1.h5
file	72845	a60edbcee2489ff5fe03a70c35c09caecbb3745731d927636187d1c9cffb51c6	test/fixtures/schema_compatibility/restart_checkpoint_2_28.h5
file	1369	1965ae4fb643f5a030b82cff84de378596e9fb367e9f81d2481e5d1a706f09d8	test/fixtures/schema_compatibility/star_and_fixed/README.md
file	748	4df41aae0dcf511c1e90ee165f67b60957d86fd8a09af1963506a687639a360e	test/fixtures/schema_compatibility/star_and_fixed/SHA256SUMS
file	4329	b2ef375a3e9589d23e0336e2dc4ebeb8f4e9296484fe5c662eb8ea4c12ffa408	test/fixtures/schema_compatibility/star_and_fixed/fixed_subspace_1_0.h5
file	4308	bb48958641eb1e7206f846636d09b0f82475055ac4113fb588775d99e6bb6033	test/fixtures/schema_compatibility/star_and_fixed/fixed_subspace_1_1.h5
file	356	90bcd44bec8a931caf81c1f7e024a7ba8c93b0c5e175ed77d3b161db4c13baea	test/fixtures/schema_compatibility/star_and_fixed/native_source/fixture.save/X.UPF
file	711	505877f2326db341414123e2cc9f794fb9f1a60c603662530779461d76e63368	test/fixtures/schema_compatibility/star_and_fixed/native_source/fixture.save/data-file-schema.xml
file	2088	d3969597a5bff2a7ebcd6dc718a2d23f7780ae95c85f6c963a3adac16240b08f	test/fixtures/schema_compatibility/star_and_fixed/native_source/fixture.save/wfc1.hdf5
file	83271	9faca5c1e82d29c2f3c9bb1610132ec826cedbed4203f62951f22a9283ef6e68	test/fixtures/schema_compatibility/star_and_fixed/star_gauge_1_0.h5
file	87937	d411dca3d0c492094d19f6668225c107fc8ae9716253d2c5005c06cfa7016a95	test/fixtures/schema_compatibility/star_and_fixed/star_gauge_1_11.h5
file	2056	50e4314a2d59fa7daa3541064c7cd4c38427cbfc25ba9d3c485693ab3fe4446e	test/fixtures/schema_compatibility/star_and_fixed/u_diagnostics_1_5.h5
file	6483	b3f84583ee48808e91bc84ce269ae031aebdf5f2758cca79eae2f9a89ceba53c	test/fourier_execution_plan_unit.jl
file	12250	f516ccb774846f8c2dac3cc222a96a1bac0815a22335dc66f81add582dfa1ae4	test/frequency_contraction_prototype_unit.jl
file	24347	f7dc684e425eaa45f354a5db6b7932fd61a644c1ed4a399651ee6991388099ee	test/gauge_aware_symmetrization_unit.jl
file	9059	a944a78e9cd0aed1a9d719619312adf57ba483910a99b622dc3a674289a7060c	test/generalized_derivative_gemm_unit.jl
file	24347	712c43b183635defa867c202b3c28c33587341cbada231d5476ccf1054ec82da	test/generator_schema_migration_unit.jl
file	705	3174b6e056046449f046634007372704d33635a8c762e94e6773dcbcb14b8e21	test/independent_schema_versions_unit.jl
file	29119	1b4ecd453889a24ce9d6123916d72fe077138cd080de762dd10bbf24c5e56ef5	test/injection_spin_current_unit.jl
file	3714	2ff2a2a7cc77b6ed1cfe3a8030c8312a6c9f08ad4bb9e02e7089e69e6170ea5d	test/license_metadata_unit.jl
file	47919	09abee792dde4aeba0770996a47c6dbaa4c044357cadc533a5d24914937c8173	test/magnetic_wannierization_unit.jl
file	1834	ddbb353af5bc7a8d5a5cc7326dded3112ff7fc457d25899aa8bd664472d17674	test/mdrs_runtime_mpi_unit.jl
file	51072	c37b8e7a79a773b61ecd9682d7e015641d0c123ade0246504591cb80d83d12bc	test/mdrs_runtime_unit.jl
file	4430	c60f9eb5e1f9cc454abe1b344e5aa618e08f5cd6a4035b09f878d33e38710ef4	test/mixed_fourier_unit.jl
file	1141	1e9b80aacc3caec62a54ca9d091adde7cbfaa69be63593d731dfd18fd7541c2b	test/mpi_runtime_compiled_modules_full_unit.jl
file	3354	ce53344318d60cc5ead22c960e4d933f7c4c3538fb51d25da5a706162bd167ad	test/mpi_runtime_environment_unit.jl
file	34252	9dc0d1cea1cd543d3586aa9c6100a422097795711804d41357d142b64951af5d	test/operator_bundle_runtime_unit.jl
file	6254	444355178e194d09c8f7eaf39aa5991828df7ac5b1b8f1cd4df8564ba94520fa	test/packed_construction_evidence_unit.jl
file	3264	f5dc562925ba6312b92d10fdcbb8a377b5af1cd8fc96e5c3cfe4f70f195c02b4	test/packed_spin_fourier_unit.jl
file	13837	246c093870ba86359fbd67d62a755582aa64aac536a0e314ed313517d18f4db3	test/paw_scdm_initialization_unit.jl
file	10611	90cb3b596244970418e6aca5015f38ed74195192134092159980f9248834f852	test/per_task_execution_unit.jl
file	2663	46ae73fdeed03943ab90ed3cfb364cb06045d063eae687d00d87436c85f9d3a5	test/per_task_parallel_unit.jl
file	9512	649dd124dd9c6ed75e05e88860bd55cab599c7cec05b0fcaed943c6c36db34f5	test/per_task_symmetry_unit.jl
file	11274	2a17e8f5863a1b4f7362cfacb9b09e226e3712dea03fd6bd21f6c74694a19c15	test/periodic_checkpoint_metadata_unit.jl
file	11463	b2e63579ce80a6255e35ae956813e65be0f352e25fe8165e64aa8556592c3e46	test/photon_drag_blas_unit.jl
file	6215	56a670b432c72f028b5e11f839a9975152e911369911f56fb19d59682f726191	test/prepared_cleanup_unit.jl
file	12467	a2b3d37b0edca2342ff9f723065c4d841f1493329dc84a873d01ca3b760d3495	test/projection_representation_compatibility_unit.jl
file	7515	bfedfc41044ca800dc8174ffd467d1b179ed0718a49a821ae1e323f013ccfdeb	test/projection_representation_corepresentation_unit.jl
file	7664	fd0ef851bf84eb924163434f56c4d5c931349b5b46f132e51c92db5c87c558bb	test/projection_representation_group_algebra_unit.jl
file	2220	21b68f1a36c0ae93c48f35a56f5c1a5580ea3d09fa280cdd49c462de8f5c14bc	test/projection_representation_intertwiner_unit.jl
file	9502	2f6639b703174bab0433ecce3b80b09276ed9d3daffaabd171273d166f560fe0	test/projection_representation_materialization_unit.jl
file	4020	c9f455282354fe4bfe7fecde491eb8d13512cdff75fceb38aa8bc82c4f250ba0	test/projection_representation_models_unit.jl
file	17384	103fedc3a6578bc5c2b2e9f341a2d1a2611f1dc1bca4a9366ff6d35eaef34d64	test/projection_representation_persistence_unit.jl
file	10163	f2355b7cf38a2ea48506218e913a4062a037a0ec0706479bea95bf44ce9f066f	test/projection_representation_search_unit.jl
file	13703	d4b6f8a516c043ccd492840c62c259d0f1ea2c93d5aac7cd5b5a705811529158	test/projector_covariant_full_unit.jl
file	6370	e245b6e0228b637b583d0a2e6670b3645235a31df820ba09c1674f326cc45535	test/projector_registered_paths_unit.jl
file	806	0b206dbaac2945e1ce1e1dffd71f86f4c8d14a60a36abe01fcd86e492302aeed	test/qe_paw_coefficient_sewing_thread_determinism_unit.jl
file	7679	1901a489aebdd1052f84b26e140375a6489b872549deae267e2d3b34cebe1844	test/qe_paw_coefficient_sewing_unit.jl
file	705	a2d564fc0aec8f87e19824c0d311dc5e923f1c4dbf3365c284ac9141c9ea2b2b	test/qe_paw_matrix_elements_thread_determinism_unit.jl
file	17160	c483a50c74380c1d39041b7b355bd6fe3ff952ca6c9c39bd5068d9963b020f52	test/qe_paw_matrix_elements_unit.jl
file	5478	ddbcbebc9137ce21447e6f029088463092e1462b0d4745655bcd5f1eeb36a168	test/release_smoke_unit.jl
file	3791	7ff22f6c4b2433ef6586134051b4f4195643db03eb577be6c6bb08a7f3d781b3	test/release_whitelist_unit.jl
file	28234	1176b0569fa30fd3c5adf456265bebeebe9270cefd0ac5e181af931d52bc93ea	test/representation_compatibility_unit.jl
file	8220	4cf36461376ed95dca0a9d174d4ee44feac428a79429ade95606543a9f6e0ea7	test/response_exact_optimization_unit.jl
file	4630	70cba6436f3a679c32f39818ffae3ee1bf6c72b4642bebe55159efa927e282b6	test/response_symmetry_catalog_unit.jl
file	28084	f551d5c7cfb13156afc483a0dc759acccfe2f0f23c562b80d8221ea287150e7d	test/response_symmetry_group_reporting_unit.jl
file	63868	b5229aa9e48481bf3baf8f5a1095fee5d430f10805c2458007fafe84b36bfc09	test/response_symmetry_unit.jl
file	1591	8e146d0cbfbd83723a3e26c9d6ed45110c4287c1368744ef5b83eb296fb2d2e7	test/result_writer_precision_unit.jl
file	10790	c51374b83b044d4e3277bfae1416c6734f1ccdaedf1f7776f3acb271b9386784	test/runtests.jl
file	5822	c10bb744cdad835721df83efe52d57e1ff997c64f35896a927fbe92d46f12afc	test/shared_input_contract_unit.jl
file	10063	363e8b6e2757c40f69330d02b4e9a992900e91c405e9a72684e840d2a510e9e5	test/shared_interpolation_unit.jl
file	16974	3449b2276b118d705be022c9771ffb924d70f231a46a4d2aa447c6d17bd0fbaa	test/shift_spin_current_unit.jl
file	2695	7ec92f4ce50c076561dde5207b84dd9658fa31aa46ed05ddbb0df8b1be039576	test/solver_stage_lifecycle_unit.jl
file	3827	887070c24952a113e9a4a1bb0e34bd2c10d7755b64e82eb1537774327d7f3f41	test/source_documentation_audit_unit.jl
file	4444	e5780f0469ea28816586c1fe723f3187cf3d892a3e8964835368802de70e60a9	test/source_gauge_pruning_unit.jl
file	2410	1b6f7cf8d2f57ce29c383c0d91e7cc4ed2df6ac58575d23ca206dd8c0b96e2fe	test/star_covariant_paw_gauge_thread_determinism_unit.jl
file	123497	24f6dc0ef21c1ab238afa2ae35e087a1aac2bfdfc824c0aa92ab24e94fbc5f73	test/star_covariant_paw_gauge_unit.jl
file	11613	ccac214d3dc4aec2787afb0e2d8619396384aca2266d940db038935104b247e7	test/star_fixed_schema_unification_unit.jl
file	13183	af18903978f6a78b5a329a7391e4d672502a909c90da800c937ba2766bdfe022	test/storage_schema_compatibility_unit.jl
file	4008	1013fd9d5745d7a83e42795eff5d46b653b29d361206e8d70038c56cc6177647	test/storage_schema_fresh_process_unit.jl
file	1885	dbfe12612003d42fbb44005edcffe7baa8127b55625f0172fdd3358e2b83a329	test/support/SyntheticRuntimeFixture.jl
file	3075	5989c93f56976406964aaad0179158709aae5fa358401e0fbefacf0ff2f223ef	test/support/TBDetectionInventorySupport.jl
file	2703	8f61d50b474ef52f71a2524f975441d8794071b571b2d3e50e0af3b60563df63	test/support/kpath_band_parallel_runner.jl
file	5158	0b370b38e138c93a31cb78006138279c571ae4ca0eccf69d6623228944d5fc5f	test/support/per_task_parallel_runner.jl
file	3298	505d89d3097ce7d4659698faa51c2f3f4be3683de1be6fb9d8b57df0b9f2cd13	test/symmetrization_extension_lifecycle_unit.jl
file	44223	e9e5a38a0a467db3dfd4be0bcb8caadc1db64cc67e86a9f890bcd5321200de54	test/symmetrization_unit.jl
file	3649	df4339b9acf4da53eee598f1713db1b719653e916967b16c7730701d3b00e1ed	test/synthetic_runtime_fixture_unit.jl
file	17569	f5bd2c9c2c09e68f0c43ac0768d5136581f822854d80fc086fdb2cc30fcc1c60	test/target_scope_authority_unit.jl
file	27945	7eedb8388bd2ac9c71d8d9aaa66515841ca0117614db63c1c9cfc259e282e546	test/target_subspace_persistence_unit.jl
file	11053	16bf269278e92952fd53fa5f782e20d8e6ea03180256498d12a8527dfa2467dd	test/task_configuration_unit.jl
file	12020	6957ef59876a20ee59c8792e9d212b6d52fa58062f9df86e6f3b7e7d67832029	test/task_registry_unit.jl
file	1121	a16cab395e465dcc878870780ad1aeaa087903cbba039278318fd989a3011e02	test/tb_detection_compatibility_boundary_unit.jl
file	32976	7d27c0bc97ec1f87dd154eb5be83bb3914a87c63c5b4698cbe23c2cc932c96d1	test/tb_symmetry_qualification_unit.jl
file	19941	b0de41de31126bb6337c232bf1f0d7953a75677bcb58461761856fd033e85231	test/transition_optimization_unit.jl
file	39357	486be6e62dc9a7a7c7bd71e2946b67720a9b080d868346013aaf2cc6824eb074	test/vasp_paw_matrix_elements_unit.jl
file	8348	90b4b83b79c621946b02673ea71fbb5714d788811c9b3357266eb1703eb99686	test/vasp_paw_spn_unit.jl
file	612	1dcf4fc21847287155e7f9c119780ed17cdd038f1b5bb1e26eebb3649a0e13f3	test/vasp_paw_thread_determinism_unit.jl
file	2072	0c711c0338e2526f12ade1deae3822bbe2b4f0242a6fd51d96f177cba0ff7e7a	test/visualization/environment_unit.py
file	573	9977d65304d5f5c03662d5893a57958bd7e142688b6253a3bbb22e796d3bb33c	test/visualization/fixtures/EIGENVAL
file	119	5d4efaf48e815e9ed898c6ef60691b4658bde2c3a541c9f717ba0fa20a5de738	test/visualization/fixtures/KPOINTS
file	82	52825bb5d2b5bfc47d001d71c19e67f9952ea320ae547f461a481cc1e6d09c57	test/visualization/fixtures/POSCAR
file	724	cc23fdc5942db421ec68fa031401067d575bb05ef1313e9a6bad8f7d7df67685	test/visualization/fixtures/band_compare.json
file	896	d2e5073521e6719abcc08cb4639e9dbbef364543c986141fc60d5fb205617148	test/visualization/fixtures/band_path.json
file	504	4164f26c276eabc640b66a54d5ae7426511d50fceeedbd97b3a64b0773a773f3	test/visualization/fixtures/bands.dat
file	266	c34827db70d487de5a1f22dd68c4af20e1f38b98852841ff61f304da924fd04b	test/visualization/fixtures/kslice_cart_orthogonal.json
file	264	075391b8e485b60180d288f10613e32e96a0a06fe73fed7ce23864f3d82094d4	test/visualization/fixtures/kslice_cart_skew.json
file	18	e7dd5a7e6c53c73c776a641078513d15812fba4859438fa22e6803fa641a5eae	test/visualization/fixtures/kslice_imag.dat
file	215	3b403a68d936c5961b44823f435dd074297679560cbfe6edae06e6a233b5317d	test/visualization/fixtures/kslice_mixed_grid.json
file	923	5d41e0784907702cf8b58bb7105fd9858ade18334e5c6292f09473b19b317f61	test/visualization/fixtures/kslice_mixed_panels.json
file	18	4d1566bf46fa3da67d3ba4357662cccab28271a947e45ff57d16d53f18ce575c	test/visualization/fixtures/kslice_real.dat
file	308	d95300e986d5c2d4de6ff9d9fad5856e3a6d3bd9a0d941448593523e19f2f739	test/visualization/fixtures/metadata.txt
file	468	a7639eea6f17baf33fbd16be6d4d9d981387a112bce38e4ddfd39dfa5818460f	test/visualization/fixtures/metadata_cart_orthogonal.txt
file	462	6e138b999e32d740c57e760b8e7d4aa91f262436f355ade488521dd7f6170845	test/visualization/fixtures/metadata_cart_skew.txt
file	58	3a8ff6e7a42eb2a59e0685f68ae10f7b18c4baefdf4424593edbddc9430b3bc3	test/visualization/fixtures/orthogonal_tb.dat
file	407	169bf15e746dd1dab615dec777fd7df29665198e09b36765161bd43758663911	test/visualization/fixtures/qe_data_file_schema.xml
file	1739	308f9b4505849a6d1b87acf2555274b5c54ddfd2dd04235b58695ed11cce964d	test/visualization/fixtures/response_27.dat
file	265	573273afd8348e6018326a763f3347cd143acd693787f41d846a569629f0118b	test/visualization/fixtures/response_27.json
file	368	6d06424f02a7789078b8843286e03e54566e5ea705ad0da7dc26c446f513c55d	test/visualization/fixtures/response_a.dat
file	368	a365abee63545face040b011615d6625357ceac6f730d9ff08d8fd1881bac75a	test/visualization/fixtures/response_b.dat
file	493	da65b93f255b98356e540272b151f7b0c0941288ef20f02f7da6a2a4db76e593	test/visualization/fixtures/response_layout.json
file	63	1979e4f0d761b3117fd9038791694b909cbc54aa2f4e23d9b35c0c6aa6499243	test/visualization/fixtures/skew_tb.dat
file	690	fd59b5b2e6be3501100c221259cbb4b84a00f7e72e6be034af633450b2620aa8	test/visualization/fixtures/standard_band_compare.json
file	36	8b8bde47af1e2002a289cb2a3674bd988e7eb53a49f5dbc911bb901dc237d13b	test/visualization/fixtures/standard_bands.dat
file	655	acec5f7c5213957ac0c3200055a0b6ba4cf62d66ccb9d723f6981a67c2a430fb	test/visualization/fixtures/vasp_native_compare.json
file	416	914b3450d2980d9b58282e5116fff5ca04d4cb1c5ad21465c7950f82a8d63fa4	test/visualization/fixtures/vasp_native_single.json
file	581	4d1c016f9398e22e204ef861225d6d48e0b6291b49e15aaae6ed577f2b5ac4c2	test/visualization/fixtures/vasp_path.json
file	228	e8002c3557fffd07cc423855a18963ca3d003e7d236d0202bd9e931a245ef893	test/visualization/fixtures/vasp_tb.dat
file	602	4de9138ae970ffa81760a4d666a1e8bab802434a8980033179d1bc7f45bfa135	test/visualization/fixtures/vasprun.xml
file	457	9568d31c527acfb6485cddaf61d57dfa8f6f0dee3bc5ff0a18f71d776227d2e0	test/visualization/fixtures/visualization_band_path.json
file	697	b078d15e82f48bab3a2b1fb8eae17ae1e6961d892723d206d967624354c5e09a	test/visualization/fixtures/xml_band_compare.json
file	46298	972ad9d8f37c51515d927255be6d697731e8fa35cb89ac523948caf2b04f36ba	test/visualization/runtests.jl
file	63937	9d084655d7109bae1e1f320acfa42b9007c2ce88614ff05a95f32f3302f8c3b0	test/wannier_center_convention_unit.jl
file	11658	61bf5ca8f27281c06620cd3399021be9193b3b26a798a9042ac321229ca18416	test/wannier_center_replica_policy_unit.jl
file	10783	dfa69294f21680c3e7708e3411340ccaac54d495bb97c59a4d97201beb66f308	test/wannier_gauge_chain_unit.jl
file	33468	6ba8c5008b76c7c1dd71d71ab5506c7ae8c24268488665d294fa28ec8660d2f3	test/wannier_hamiltonian_operator_generation_unit.jl
file	728	ed3099d2cfde58f84f452d06cda8f3ddc3cf17495e23758a6d9a4175c68d1cbb	test/wannier_hamiltonian_operator_thread_determinism_unit.jl
file	7835	d7fbdc5ea2127235e23af0290981aea509652d2e17e55b0122a31395ad1c9189	test/wannier_operator_file_protocol_unit.jl
file	57013	123800610484e10c300f5d25203ad80c2e03d6021e90f501c63ffd4e1140e031	test/wannier_operator_profiles_unit.jl
file	29082	19dd566936b072a6406d84174586cc1edd1e0a0a5db2aaa8a4c59d80420d0aa5	test/wannier_uiu_generation_unit.jl
file	6585	b078219a7d086b942f0e8af3cdb8de5d26177054a13776a3620656b77acd5091	test/wannierization_config_architecture_unit.jl
file	51113	10d64e7c154ab4a9ee92972f82dfa5b8114ad601a12617bbab5311f036101714	test/wannierization_construction_solver_unit.jl
file	43858	5bf96fe776565c7d997c26c930fe4618dd9c204437f108ec87306c37336655d0	test/wannierization_diagnostic_export_unit.jl
file	551	1c29a76866a95d69e8b884f1ccf14553c1673788bda6eac9f3137003af1ee8f3	test/wannierization_fresh_process_unit.jl
file	7452	acff877701ad598d0e534e82b7e86f2e3c22988176cfb41bc86b16f33ce28281	test/wannierization_frozen_initializer_unit.jl
file	1100	ec23a780cb49e4495973e09611324a3d691995c3b09c966559b147ac4e03e75e	test/wannierization_raw_z_mpi_unit.jl
file	824	099cf8eaf8368cb494ff1938699d511ea983128ae219d4596212da0786e58aa8	test/wannierization_thread_determinism_unit.jl
file	1023	f83cac39a168588945faa65b564d2f562a2df56ad759d445bb40edd1f64f12c6	test/wannierization_u_localization_mpi_unit.jl
file	233868	a85bf63c9b9dc93626645f581d3d46c9aab0d08c993cc7cfa0842dbc3d50c786	test/wannierization_unit.jl
file	1730	51d74dc00213f6f5bae14d84206b1c173804fa5a45276cc985589af04aba28cb	test/wannierization_workflow_mpi_unit.jl
file	5671	f76bd30675e43ea71c44fd5439ad87a69e4eec85d87da0de03fa64db07b5ecf9	test/zeeman_interband_unit.jl
file	4484	a026ca35aa1ca265ac1872a610da2caf9a65efdb46ac219c844358407e8f0023	theory/InjectionCurrent.md
file	4106	0e553599ff560acb4c1af9d8bf2b4fe1089f12266269fe77669739e69c0dbe7f	theory/InjectionSpinCurrent.md
file	4058	710fad280c95a7571ca06055c55618980cde187f889eedc34a585211064c5250	theory/PhotonDragInjectionCurrent.md
file	4488	ff4d29238728dd4952b15f4b2394ea16ba1ced62479346b09734decc3a381776	theory/PhotonDragShiftCurrent.md
file	3498	f806bb574b12d8b260abb50837ee8a6abd62aebce06ba7db8f2e6477b46ecf12	theory/QuantumGeometry/BerryCurvature.md
file	3148	759c3149d3a7e077ce7d52140f69f5dd4cbf1d85ecf483a6694d1e0f34b2c5c8	theory/QuantumGeometry/BerryCurvatureDipole.md
file	3297	74f9099275f9bf58898ed5b28648f77c4ba02c4aa13551d185a73f49708394d1	theory/QuantumGeometry/BerryCurvatureQuadrupole.md
file	3369	e75da03cad13a6d5b9eaad53462593120f7d6c77a0ae2fc47b973460c9ca2d04	theory/QuantumGeometry/HermitianCurvatureTensor.md
file	3042	076d022ac527170043eaf296a40523cdf11c5dbba716afbb0404160e8627e1dc	theory/QuantumGeometry/InterbandBerryCurvature.md
file	2848	1d3707f2b49ec97cf2e50ee2ddaec16f29fff9438156766bd6d49adfe5bc84ee	theory/QuantumGeometry/InterbandQuantumMetric.md
file	3087	a3e4c7b200c8e9c132d49b9bcbeeaa865029c7b0d8cd2a247047f532c5c00ed5	theory/QuantumGeometry/QuantumChristoffelSymbol.md
file	5451	2d53597c3ec1ee2c7b843516f28ee00fabf0c04d180be7e810b09d33dc7d2a30	theory/QuantumGeometry/QuantumHermitianConnection.md
file	3298	c9093ec4e60723490c04f133a31fc9129ccbc0211368dfb2972ad5a17bdb07b7	theory/QuantumGeometry/QuantumMetric.md
file	3677	de8e8df78b6ba40433451321653ab6db535309723c5c731b63492d9ce0b3b5b1	theory/QuantumGeometry/QuantumMetricDipole.md
file	3653	9f1f33f60289179b6a63e6e4763973ef28646942d0e17fe39e83ecf45f177ccc	theory/QuantumGeometry/QuantumMetricQuadrupole.md
file	3439	3c03d3665ac02d052d490839276b1d05e1c3b6ac3c5b57483b331b738141ffdb	theory/QuantumGeometry/ShiftVector.md
file	3652	16256827cd37214914f8f73083e7d30143c2b88a7d2d05bf2525d9848e634ac1	theory/QuantumGeometry/TriplePhaseProduct.md
file	3102	ee3bce792a908cc19e0b88114b416e75312213b98b362828ec0d34ca99a40a05	theory/QuantumGeometry/ZeemanInterbandBerryCurvature.md
file	2761	60b9e5a6835be96d63ea5175bc750a6e0ca2a3c8843a815716f759bcfd3a9d1a	theory/QuantumGeometry/ZeemanInterbandQuantumMetric.md
file	8455	23560c9903f19d8e3b63135e3fc56501d45207614bac524d4104855f9926038a	theory/README.md
file	6388	8630864ec02d679d7eaf7d6f6e8af4e19a0c61635567bb858e026438a007c073	theory/ShiftCurrent.md
file	12264	24b4adaf1ab35af4b5c4616c25a995437d12feecc6f3ddbb68fb1d1b224558b4	theory/ShiftSpinCurrent.md
